2026-05-14T18:44:08.436+03:00  INFO 16632 --- [movie-platform] [restartedMain] c.i.p.m.MoviePlatformApplication         : Starting MoviePlatformApplication using Java 25 with PID 16632 (D:\projects\movie-platform\target\classes started by Ivan in D:\projects\movie-platform)
2026-05-14T18:44:08.447+03:00 DEBUG 16632 --- [movie-platform] [restartedMain] c.i.p.m.MoviePlatformApplication         : Running with Spring Boot v3.5.13, Spring v6.2.17
2026-05-14T18:44:08.449+03:00  INFO 16632 --- [movie-platform] [restartedMain] c.i.p.m.MoviePlatformApplication         : The following 1 profile is active: "local"
2026-05-14T18:44:08.570+03:00  INFO 16632 --- [movie-platform] [restartedMain] .e.DevToolsPropertyDefaultsPostProcessor : Devtools property defaults active! Set 'spring.devtools.add-properties' to 'false' to disable
2026-05-14T18:44:08.571+03:00  INFO 16632 --- [movie-platform] [restartedMain] .e.DevToolsPropertyDefaultsPostProcessor : For additional web related logging consider setting the 'logging.level.web' property to 'DEBUG'
2026-05-14T18:44:11.364+03:00  INFO 16632 --- [movie-platform] [restartedMain] .s.d.r.c.RepositoryConfigurationDelegate : Bootstrapping Spring Data JPA repositories in DEFAULT mode.
2026-05-14T18:44:11.685+03:00  INFO 16632 --- [movie-platform] [restartedMain] .s.d.r.c.RepositoryConfigurationDelegate : Finished Spring Data repository scanning in 299 ms. Found 4 JPA repository interfaces.
2026-05-14T18:44:12.803+03:00  INFO 16632 --- [movie-platform] [restartedMain] o.s.b.w.embedded.tomcat.TomcatWebServer  : Tomcat initialized with port 8081 (http)
2026-05-14T18:44:12.822+03:00  INFO 16632 --- [movie-platform] [restartedMain] o.apache.catalina.core.StandardService   : Starting service [Tomcat]
2026-05-14T18:44:12.822+03:00  INFO 16632 --- [movie-platform] [restartedMain] o.apache.catalina.core.StandardEngine    : Starting Servlet engine: [Apache Tomcat/10.1.53]
2026-05-14T18:44:12.885+03:00  INFO 16632 --- [movie-platform] [restartedMain] o.a.c.c.C.[Tomcat].[localhost].[/]       : Initializing Spring embedded WebApplicationContext
2026-05-14T18:44:12.886+03:00  INFO 16632 --- [movie-platform] [restartedMain] w.s.c.ServletWebServerApplicationContext : Root WebApplicationContext: initialization completed in 4314 ms
2026-05-14T18:44:13.048+03:00  INFO 16632 --- [movie-platform] [restartedMain] com.zaxxer.hikari.HikariDataSource       : HikariPool-1 - Starting...
2026-05-14T18:44:13.160+03:00  INFO 16632 --- [movie-platform] [restartedMain] com.zaxxer.hikari.pool.HikariPool        : HikariPool-1 - Added connection org.postgresql.jdbc.PgConnection@5280307b
2026-05-14T18:44:13.161+03:00  INFO 16632 --- [movie-platform] [restartedMain] com.zaxxer.hikari.HikariDataSource       : HikariPool-1 - Start completed.
2026-05-14T18:44:13.310+03:00  INFO 16632 --- [movie-platform] [restartedMain] liquibase.database                       : Set default schema name to public
2026-05-14T18:44:13.742+03:00  INFO 16632 --- [movie-platform] [restartedMain] liquibase.changelog                      : Reading from public.databasechangelog
2026-05-14T18:44:13.838+03:00  INFO 16632 --- [movie-platform] [restartedMain] liquibase.ui                             : Database is up to date, no changesets to execute
2026-05-14T18:44:13.842+03:00  INFO 16632 --- [movie-platform] [restartedMain] liquibase.changelog                      : Reading from public.databasechangelog
2026-05-14T18:44:13.858+03:00  INFO 16632 --- [movie-platform] [restartedMain] liquibase.util                           : UPDATE SUMMARY
2026-05-14T18:44:13.859+03:00  INFO 16632 --- [movie-platform] [restartedMain] liquibase.util                           : Run:                          0
2026-05-14T18:44:13.859+03:00  INFO 16632 --- [movie-platform] [restartedMain] liquibase.util                           : Previously run:               4
2026-05-14T18:44:13.859+03:00  INFO 16632 --- [movie-platform] [restartedMain] liquibase.util                           : Filtered out:                 0
2026-05-14T18:44:13.860+03:00  INFO 16632 --- [movie-platform] [restartedMain] liquibase.util                           : -------------------------------
2026-05-14T18:44:13.860+03:00  INFO 16632 --- [movie-platform] [restartedMain] liquibase.util                           : Total change sets:            4
2026-05-14T18:44:13.861+03:00  INFO 16632 --- [movie-platform] [restartedMain] liquibase.util                           : Update summary generated
2026-05-14T18:44:13.863+03:00  INFO 16632 --- [movie-platform] [restartedMain] liquibase.command                        : Command execution complete
2026-05-14T18:44:15.237+03:00  INFO 16632 --- [movie-platform] [restartedMain] o.hibernate.jpa.internal.util.LogHelper  : HHH000204: Processing PersistenceUnitInfo [name: default]
2026-05-14T18:44:15.335+03:00  INFO 16632 --- [movie-platform] [restartedMain] org.hibernate.Version                    : HHH000412: Hibernate ORM core version 6.6.45.Final
2026-05-14T18:44:15.393+03:00  INFO 16632 --- [movie-platform] [restartedMain] o.h.c.internal.RegionFactoryInitiator    : HHH000026: Second-level cache disabled
2026-05-14T18:44:15.931+03:00  INFO 16632 --- [movie-platform] [restartedMain] o.s.o.j.p.SpringPersistenceUnitInfo      : No LoadTimeWeaver setup: ignoring JPA class transformer
2026-05-14T18:44:16.029+03:00  WARN 16632 --- [movie-platform] [restartedMain] org.hibernate.orm.deprecation            : HHH90000025: PostgreSQLDialect does not need to be specified explicitly using 'hibernate.dialect' (remove the property setting and it will be selected by default)
2026-05-14T18:44:16.056+03:00  INFO 16632 --- [movie-platform] [restartedMain] org.hibernate.orm.connections.pooling    : HHH10001005: Database info:
	Database JDBC URL [Connecting through datasource 'HikariDataSource (HikariPool-1)']
	Database driver: undefined/unknown
	Database version: 13.23
	Autocommit mode: undefined/unknown
	Isolation level: undefined/unknown
	Minimum pool size: undefined/unknown
	Maximum pool size: undefined/unknown
2026-05-14T18:44:17.693+03:00  INFO 16632 --- [movie-platform] [restartedMain] o.h.e.t.j.p.i.JtaPlatformInitiator       : HHH000489: No JTA platform available (set 'hibernate.transaction.jta.platform' to enable JTA platform integration)
2026-05-14T18:44:17.698+03:00  INFO 16632 --- [movie-platform] [restartedMain] j.LocalContainerEntityManagerFactoryBean : Initialized JPA EntityManagerFactory for persistence unit 'default'
2026-05-14T18:44:18.226+03:00  INFO 16632 --- [movie-platform] [restartedMain] o.s.d.j.r.query.QueryEnhancerFactory     : Hibernate is in classpath; If applicable, HQL parser will be used.
2026-05-14T18:44:20.001+03:00  WARN 16632 --- [movie-platform] [restartedMain] JpaBaseConfiguration$JpaWebConfiguration : spring.jpa.open-in-view is enabled by default. Therefore, database queries may be performed during view rendering. Explicitly configure spring.jpa.open-in-view to disable this warning
2026-05-14T18:44:20.354+03:00  INFO 16632 --- [movie-platform] [restartedMain] r$InitializeUserDetailsManagerConfigurer : Global AuthenticationManager configured with UserDetailsService bean with name userDetailsServiceImpl
2026-05-14T18:44:20.970+03:00  INFO 16632 --- [movie-platform] [restartedMain] o.s.b.a.h2.H2ConsoleAutoConfiguration    : H2 console available at '/h2-console'. Database available at 'jdbc:postgresql://localhost:5432/moviedb'
2026-05-14T18:44:21.046+03:00  INFO 16632 --- [movie-platform] [restartedMain] o.s.b.d.a.OptionalLiveReloadServer       : LiveReload server is running on port 35729
2026-05-14T18:44:21.085+03:00  INFO 16632 --- [movie-platform] [restartedMain] o.s.b.w.embedded.tomcat.TomcatWebServer  : Tomcat started on port 8081 (http) with context path '/'
2026-05-14T18:44:21.099+03:00  INFO 16632 --- [movie-platform] [restartedMain] c.i.p.m.MoviePlatformApplication         : Started MoviePlatformApplication in 13.708 seconds (process running for 17.064)
2026-05-14T18:47:13.071+03:00  INFO 16632 --- [movie-platform] [SpringApplicationShutdownHook] o.s.b.w.e.tomcat.GracefulShutdown        : Commencing graceful shutdown. Waiting for active requests to complete
2026-05-14T18:47:13.082+03:00  INFO 16632 --- [movie-platform] [tomcat-shutdown] o.s.b.w.e.tomcat.GracefulShutdown        : Graceful shutdown complete
2026-05-14T18:47:13.123+03:00  INFO 16632 --- [movie-platform] [SpringApplicationShutdownHook] j.LocalContainerEntityManagerFactoryBean : Closing JPA EntityManagerFactory for persistence unit 'default'
2026-05-14T18:47:13.130+03:00  INFO 16632 --- [movie-platform] [SpringApplicationShutdownHook] com.zaxxer.hikari.HikariDataSource       : HikariPool-1 - Shutdown initiated...
2026-05-14T18:47:13.136+03:00  INFO 16632 --- [movie-platform] [SpringApplicationShutdownHook] com.zaxxer.hikari.HikariDataSource       : HikariPool-1 - Shutdown completed.
2026-05-14T18:47:44.622+03:00  INFO 8300 --- [movie-platform] [restartedMain] c.i.p.m.MoviePlatformApplication         : Starting MoviePlatformApplication using Java 25 with PID 8300 (D:\projects\movie-platform\target\classes started by Ivan in D:\projects\movie-platform)
2026-05-14T18:47:44.625+03:00 DEBUG 8300 --- [movie-platform] [restartedMain] c.i.p.m.MoviePlatformApplication         : Running with Spring Boot v3.5.13, Spring v6.2.17
2026-05-14T18:47:44.626+03:00  INFO 8300 --- [movie-platform] [restartedMain] c.i.p.m.MoviePlatformApplication         : The following 1 profile is active: "local"
2026-05-14T18:47:44.715+03:00  INFO 8300 --- [movie-platform] [restartedMain] .e.DevToolsPropertyDefaultsPostProcessor : Devtools property defaults active! Set 'spring.devtools.add-properties' to 'false' to disable
2026-05-14T18:47:44.716+03:00  INFO 8300 --- [movie-platform] [restartedMain] .e.DevToolsPropertyDefaultsPostProcessor : For additional web related logging consider setting the 'logging.level.web' property to 'DEBUG'
2026-05-14T18:47:46.351+03:00  INFO 8300 --- [movie-platform] [restartedMain] .s.d.r.c.RepositoryConfigurationDelegate : Bootstrapping Spring Data JPA repositories in DEFAULT mode.
2026-05-14T18:47:46.577+03:00  INFO 8300 --- [movie-platform] [restartedMain] .s.d.r.c.RepositoryConfigurationDelegate : Finished Spring Data repository scanning in 213 ms. Found 4 JPA repository interfaces.
2026-05-14T18:47:47.457+03:00  INFO 8300 --- [movie-platform] [restartedMain] o.s.b.w.embedded.tomcat.TomcatWebServer  : Tomcat initialized with port 8080 (http)
2026-05-14T18:47:47.475+03:00  INFO 8300 --- [movie-platform] [restartedMain] o.apache.catalina.core.StandardService   : Starting service [Tomcat]
2026-05-14T18:47:47.476+03:00  INFO 8300 --- [movie-platform] [restartedMain] o.apache.catalina.core.StandardEngine    : Starting Servlet engine: [Apache Tomcat/10.1.53]
2026-05-14T18:47:47.567+03:00  INFO 8300 --- [movie-platform] [restartedMain] o.a.c.c.C.[Tomcat].[localhost].[/]       : Initializing Spring embedded WebApplicationContext
2026-05-14T18:47:47.568+03:00  INFO 8300 --- [movie-platform] [restartedMain] w.s.c.ServletWebServerApplicationContext : Root WebApplicationContext: initialization completed in 2851 ms
2026-05-14T18:47:47.816+03:00  INFO 8300 --- [movie-platform] [restartedMain] com.zaxxer.hikari.HikariDataSource       : HikariPool-1 - Starting...
2026-05-14T18:47:47.951+03:00  INFO 8300 --- [movie-platform] [restartedMain] com.zaxxer.hikari.pool.HikariPool        : HikariPool-1 - Added connection org.postgresql.jdbc.PgConnection@60200fc2
2026-05-14T18:47:47.953+03:00  INFO 8300 --- [movie-platform] [restartedMain] com.zaxxer.hikari.HikariDataSource       : HikariPool-1 - Start completed.
2026-05-14T18:47:48.176+03:00  INFO 8300 --- [movie-platform] [restartedMain] liquibase.database                       : Set default schema name to public
2026-05-14T18:47:48.610+03:00  INFO 8300 --- [movie-platform] [restartedMain] liquibase.changelog                      : Reading from public.databasechangelog
2026-05-14T18:47:48.699+03:00  INFO 8300 --- [movie-platform] [restartedMain] liquibase.ui                             : Database is up to date, no changesets to execute
2026-05-14T18:47:48.704+03:00  INFO 8300 --- [movie-platform] [restartedMain] liquibase.changelog                      : Reading from public.databasechangelog
2026-05-14T18:47:48.719+03:00  INFO 8300 --- [movie-platform] [restartedMain] liquibase.util                           : UPDATE SUMMARY
2026-05-14T18:47:48.720+03:00  INFO 8300 --- [movie-platform] [restartedMain] liquibase.util                           : Run:                          0
2026-05-14T18:47:48.720+03:00  INFO 8300 --- [movie-platform] [restartedMain] liquibase.util                           : Previously run:               4
2026-05-14T18:47:48.721+03:00  INFO 8300 --- [movie-platform] [restartedMain] liquibase.util                           : Filtered out:                 0
2026-05-14T18:47:48.721+03:00  INFO 8300 --- [movie-platform] [restartedMain] liquibase.util                           : -------------------------------
2026-05-14T18:47:48.721+03:00  INFO 8300 --- [movie-platform] [restartedMain] liquibase.util                           : Total change sets:            4
2026-05-14T18:47:48.722+03:00  INFO 8300 --- [movie-platform] [restartedMain] liquibase.util                           : Update summary generated
2026-05-14T18:47:48.724+03:00  INFO 8300 --- [movie-platform] [restartedMain] liquibase.command                        : Command execution complete
2026-05-14T18:47:49.916+03:00  INFO 8300 --- [movie-platform] [restartedMain] o.hibernate.jpa.internal.util.LogHelper  : HHH000204: Processing PersistenceUnitInfo [name: default]
2026-05-14T18:47:49.983+03:00  INFO 8300 --- [movie-platform] [restartedMain] org.hibernate.Version                    : HHH000412: Hibernate ORM core version 6.6.45.Final
2026-05-14T18:47:50.032+03:00  INFO 8300 --- [movie-platform] [restartedMain] o.h.c.internal.RegionFactoryInitiator    : HHH000026: Second-level cache disabled
2026-05-14T18:47:50.501+03:00  INFO 8300 --- [movie-platform] [restartedMain] o.s.o.j.p.SpringPersistenceUnitInfo      : No LoadTimeWeaver setup: ignoring JPA class transformer
2026-05-14T18:47:50.569+03:00  WARN 8300 --- [movie-platform] [restartedMain] org.hibernate.orm.deprecation            : HHH90000025: PostgreSQLDialect does not need to be specified explicitly using 'hibernate.dialect' (remove the property setting and it will be selected by default)
2026-05-14T18:47:50.591+03:00  INFO 8300 --- [movie-platform] [restartedMain] org.hibernate.orm.connections.pooling    : HHH10001005: Database info:
	Database JDBC URL [Connecting through datasource 'HikariDataSource (HikariPool-1)']
	Database driver: undefined/unknown
	Database version: 13.23
	Autocommit mode: undefined/unknown
	Isolation level: undefined/unknown
	Minimum pool size: undefined/unknown
	Maximum pool size: undefined/unknown
2026-05-14T18:47:52.011+03:00  INFO 8300 --- [movie-platform] [restartedMain] o.h.e.t.j.p.i.JtaPlatformInitiator       : HHH000489: No JTA platform available (set 'hibernate.transaction.jta.platform' to enable JTA platform integration)
2026-05-14T18:47:52.015+03:00  INFO 8300 --- [movie-platform] [restartedMain] j.LocalContainerEntityManagerFactoryBean : Initialized JPA EntityManagerFactory for persistence unit 'default'
2026-05-14T18:47:52.485+03:00  INFO 8300 --- [movie-platform] [restartedMain] o.s.d.j.r.query.QueryEnhancerFactory     : Hibernate is in classpath; If applicable, HQL parser will be used.
2026-05-14T18:47:54.239+03:00  WARN 8300 --- [movie-platform] [restartedMain] JpaBaseConfiguration$JpaWebConfiguration : spring.jpa.open-in-view is enabled by default. Therefore, database queries may be performed during view rendering. Explicitly configure spring.jpa.open-in-view to disable this warning
2026-05-14T18:47:54.510+03:00  INFO 8300 --- [movie-platform] [restartedMain] r$InitializeUserDetailsManagerConfigurer : Global AuthenticationManager configured with UserDetailsService bean with name userDetailsServiceImpl
2026-05-14T18:47:55.229+03:00  INFO 8300 --- [movie-platform] [restartedMain] o.s.b.a.h2.H2ConsoleAutoConfiguration    : H2 console available at '/h2-console'. Database available at 'jdbc:postgresql://localhost:5432/moviedb'
2026-05-14T18:47:55.337+03:00  INFO 8300 --- [movie-platform] [restartedMain] o.s.b.d.a.OptionalLiveReloadServer       : LiveReload server is running on port 35729
2026-05-14T18:47:55.403+03:00  WARN 8300 --- [movie-platform] [restartedMain] ConfigServletWebServerApplicationContext : Exception encountered during context initialization - cancelling refresh attempt: org.springframework.context.ApplicationContextException: Failed to start bean 'webServerStartStop'
2026-05-14T18:47:55.413+03:00  INFO 8300 --- [movie-platform] [restartedMain] j.LocalContainerEntityManagerFactoryBean : Closing JPA EntityManagerFactory for persistence unit 'default'
2026-05-14T18:47:55.420+03:00  INFO 8300 --- [movie-platform] [restartedMain] com.zaxxer.hikari.HikariDataSource       : HikariPool-1 - Shutdown initiated...
2026-05-14T18:47:55.427+03:00  INFO 8300 --- [movie-platform] [restartedMain] com.zaxxer.hikari.HikariDataSource       : HikariPool-1 - Shutdown completed.
2026-05-14T18:47:55.459+03:00  INFO 8300 --- [movie-platform] [restartedMain] .s.b.a.l.ConditionEvaluationReportLogger : 

Error starting ApplicationContext. To display the condition evaluation report re-run your application with 'debug' enabled.
2026-05-14T18:47:55.501+03:00 ERROR 8300 --- [movie-platform] [restartedMain] o.s.b.d.LoggingFailureAnalysisReporter   : 

***************************
APPLICATION FAILED TO START
***************************

Description:

Web server failed to start. Port 8080 was already in use.

Action:

Identify and stop the process that's listening on port 8080 or configure this application to listen on another port.

2026-05-14T18:49:26.946+03:00  INFO 20992 --- [movie-platform] [restartedMain] c.i.p.m.MoviePlatformApplication         : Starting MoviePlatformApplication using Java 25 with PID 20992 (D:\projects\movie-platform\target\classes started by Ivan in D:\projects\movie-platform)
2026-05-14T18:49:26.948+03:00 DEBUG 20992 --- [movie-platform] [restartedMain] c.i.p.m.MoviePlatformApplication         : Running with Spring Boot v3.5.13, Spring v6.2.17
2026-05-14T18:49:26.949+03:00  INFO 20992 --- [movie-platform] [restartedMain] c.i.p.m.MoviePlatformApplication         : The following 1 profile is active: "local"
2026-05-14T18:49:27.018+03:00  INFO 20992 --- [movie-platform] [restartedMain] .e.DevToolsPropertyDefaultsPostProcessor : Devtools property defaults active! Set 'spring.devtools.add-properties' to 'false' to disable
2026-05-14T18:49:27.019+03:00  INFO 20992 --- [movie-platform] [restartedMain] .e.DevToolsPropertyDefaultsPostProcessor : For additional web related logging consider setting the 'logging.level.web' property to 'DEBUG'
2026-05-14T18:49:28.424+03:00  INFO 20992 --- [movie-platform] [restartedMain] .s.d.r.c.RepositoryConfigurationDelegate : Bootstrapping Spring Data JPA repositories in DEFAULT mode.
2026-05-14T18:49:28.637+03:00  INFO 20992 --- [movie-platform] [restartedMain] .s.d.r.c.RepositoryConfigurationDelegate : Finished Spring Data repository scanning in 201 ms. Found 4 JPA repository interfaces.
2026-05-14T18:49:29.438+03:00  INFO 20992 --- [movie-platform] [restartedMain] o.s.b.w.embedded.tomcat.TomcatWebServer  : Tomcat initialized with port 8080 (http)
2026-05-14T18:49:29.456+03:00  INFO 20992 --- [movie-platform] [restartedMain] o.apache.catalina.core.StandardService   : Starting service [Tomcat]
2026-05-14T18:49:29.457+03:00  INFO 20992 --- [movie-platform] [restartedMain] o.apache.catalina.core.StandardEngine    : Starting Servlet engine: [Apache Tomcat/10.1.53]
2026-05-14T18:49:29.536+03:00  INFO 20992 --- [movie-platform] [restartedMain] o.a.c.c.C.[Tomcat].[localhost].[/]       : Initializing Spring embedded WebApplicationContext
2026-05-14T18:49:29.537+03:00  INFO 20992 --- [movie-platform] [restartedMain] w.s.c.ServletWebServerApplicationContext : Root WebApplicationContext: initialization completed in 2518 ms
2026-05-14T18:49:29.764+03:00  INFO 20992 --- [movie-platform] [restartedMain] com.zaxxer.hikari.HikariDataSource       : HikariPool-1 - Starting...
2026-05-14T18:49:29.913+03:00  INFO 20992 --- [movie-platform] [restartedMain] com.zaxxer.hikari.pool.HikariPool        : HikariPool-1 - Added connection org.postgresql.jdbc.PgConnection@4773a89d
2026-05-14T18:49:29.916+03:00  INFO 20992 --- [movie-platform] [restartedMain] com.zaxxer.hikari.HikariDataSource       : HikariPool-1 - Start completed.
2026-05-14T18:49:30.126+03:00  INFO 20992 --- [movie-platform] [restartedMain] liquibase.database                       : Set default schema name to public
2026-05-14T18:49:30.554+03:00  INFO 20992 --- [movie-platform] [restartedMain] liquibase.changelog                      : Reading from public.databasechangelog
2026-05-14T18:49:30.644+03:00  INFO 20992 --- [movie-platform] [restartedMain] liquibase.ui                             : Database is up to date, no changesets to execute
2026-05-14T18:49:30.648+03:00  INFO 20992 --- [movie-platform] [restartedMain] liquibase.changelog                      : Reading from public.databasechangelog
2026-05-14T18:49:30.661+03:00  INFO 20992 --- [movie-platform] [restartedMain] liquibase.util                           : UPDATE SUMMARY
2026-05-14T18:49:30.662+03:00  INFO 20992 --- [movie-platform] [restartedMain] liquibase.util                           : Run:                          0
2026-05-14T18:49:30.662+03:00  INFO 20992 --- [movie-platform] [restartedMain] liquibase.util                           : Previously run:               4
2026-05-14T18:49:30.662+03:00  INFO 20992 --- [movie-platform] [restartedMain] liquibase.util                           : Filtered out:                 0
2026-05-14T18:49:30.662+03:00  INFO 20992 --- [movie-platform] [restartedMain] liquibase.util                           : -------------------------------
2026-05-14T18:49:30.663+03:00  INFO 20992 --- [movie-platform] [restartedMain] liquibase.util                           : Total change sets:            4
2026-05-14T18:49:30.664+03:00  INFO 20992 --- [movie-platform] [restartedMain] liquibase.util                           : Update summary generated
2026-05-14T18:49:30.666+03:00  INFO 20992 --- [movie-platform] [restartedMain] liquibase.command                        : Command execution complete
2026-05-14T18:49:31.893+03:00  INFO 20992 --- [movie-platform] [restartedMain] o.hibernate.jpa.internal.util.LogHelper  : HHH000204: Processing PersistenceUnitInfo [name: default]
2026-05-14T18:49:31.960+03:00  INFO 20992 --- [movie-platform] [restartedMain] org.hibernate.Version                    : HHH000412: Hibernate ORM core version 6.6.45.Final
2026-05-14T18:49:32.004+03:00  INFO 20992 --- [movie-platform] [restartedMain] o.h.c.internal.RegionFactoryInitiator    : HHH000026: Second-level cache disabled
2026-05-14T18:49:32.393+03:00  INFO 20992 --- [movie-platform] [restartedMain] o.s.o.j.p.SpringPersistenceUnitInfo      : No LoadTimeWeaver setup: ignoring JPA class transformer
2026-05-14T18:49:32.459+03:00  WARN 20992 --- [movie-platform] [restartedMain] org.hibernate.orm.deprecation            : HHH90000025: PostgreSQLDialect does not need to be specified explicitly using 'hibernate.dialect' (remove the property setting and it will be selected by default)
2026-05-14T18:49:32.480+03:00  INFO 20992 --- [movie-platform] [restartedMain] org.hibernate.orm.connections.pooling    : HHH10001005: Database info:
	Database JDBC URL [Connecting through datasource 'HikariDataSource (HikariPool-1)']
	Database driver: undefined/unknown
	Database version: 13.23
	Autocommit mode: undefined/unknown
	Isolation level: undefined/unknown
	Minimum pool size: undefined/unknown
	Maximum pool size: undefined/unknown
2026-05-14T18:49:33.717+03:00  INFO 20992 --- [movie-platform] [restartedMain] o.h.e.t.j.p.i.JtaPlatformInitiator       : HHH000489: No JTA platform available (set 'hibernate.transaction.jta.platform' to enable JTA platform integration)
2026-05-14T18:49:33.721+03:00  INFO 20992 --- [movie-platform] [restartedMain] j.LocalContainerEntityManagerFactoryBean : Initialized JPA EntityManagerFactory for persistence unit 'default'
2026-05-14T18:49:34.168+03:00  INFO 20992 --- [movie-platform] [restartedMain] o.s.d.j.r.query.QueryEnhancerFactory     : Hibernate is in classpath; If applicable, HQL parser will be used.
2026-05-14T18:49:35.654+03:00  WARN 20992 --- [movie-platform] [restartedMain] JpaBaseConfiguration$JpaWebConfiguration : spring.jpa.open-in-view is enabled by default. Therefore, database queries may be performed during view rendering. Explicitly configure spring.jpa.open-in-view to disable this warning
2026-05-14T18:49:35.885+03:00  INFO 20992 --- [movie-platform] [restartedMain] r$InitializeUserDetailsManagerConfigurer : Global AuthenticationManager configured with UserDetailsService bean with name userDetailsServiceImpl
2026-05-14T18:49:36.431+03:00  INFO 20992 --- [movie-platform] [restartedMain] o.s.b.a.h2.H2ConsoleAutoConfiguration    : H2 console available at '/h2-console'. Database available at 'jdbc:postgresql://localhost:5432/moviedb'
2026-05-14T18:49:36.507+03:00  INFO 20992 --- [movie-platform] [restartedMain] o.s.b.d.a.OptionalLiveReloadServer       : LiveReload server is running on port 35729
2026-05-14T18:49:36.558+03:00  WARN 20992 --- [movie-platform] [restartedMain] ConfigServletWebServerApplicationContext : Exception encountered during context initialization - cancelling refresh attempt: org.springframework.context.ApplicationContextException: Failed to start bean 'webServerStartStop'
2026-05-14T18:49:36.567+03:00  INFO 20992 --- [movie-platform] [restartedMain] j.LocalContainerEntityManagerFactoryBean : Closing JPA EntityManagerFactory for persistence unit 'default'
2026-05-14T18:49:36.572+03:00  INFO 20992 --- [movie-platform] [restartedMain] com.zaxxer.hikari.HikariDataSource       : HikariPool-1 - Shutdown initiated...
2026-05-14T18:49:36.577+03:00  INFO 20992 --- [movie-platform] [restartedMain] com.zaxxer.hikari.HikariDataSource       : HikariPool-1 - Shutdown completed.
2026-05-14T18:49:36.600+03:00  INFO 20992 --- [movie-platform] [restartedMain] .s.b.a.l.ConditionEvaluationReportLogger : 

Error starting ApplicationContext. To display the condition evaluation report re-run your application with 'debug' enabled.
2026-05-14T18:49:36.626+03:00 ERROR 20992 --- [movie-platform] [restartedMain] o.s.b.d.LoggingFailureAnalysisReporter   : 

***************************
APPLICATION FAILED TO START
***************************

Description:

Web server failed to start. Port 8080 was already in use.

Action:

Identify and stop the process that's listening on port 8080 or configure this application to listen on another port.

2026-05-14T18:56:48.082+03:00  INFO 7036 --- [movie-platform] [restartedMain] c.i.p.m.MoviePlatformApplication         : Starting MoviePlatformApplication using Java 25 with PID 7036 (D:\projects\movie-platform\target\classes started by Ivan in D:\projects\movie-platform)
2026-05-14T18:56:48.084+03:00 DEBUG 7036 --- [movie-platform] [restartedMain] c.i.p.m.MoviePlatformApplication         : Running with Spring Boot v3.5.13, Spring v6.2.17
2026-05-14T18:56:48.085+03:00  INFO 7036 --- [movie-platform] [restartedMain] c.i.p.m.MoviePlatformApplication         : The following 1 profile is active: "local"
2026-05-14T18:56:48.157+03:00  INFO 7036 --- [movie-platform] [restartedMain] .e.DevToolsPropertyDefaultsPostProcessor : Devtools property defaults active! Set 'spring.devtools.add-properties' to 'false' to disable
2026-05-14T18:56:48.157+03:00  INFO 7036 --- [movie-platform] [restartedMain] .e.DevToolsPropertyDefaultsPostProcessor : For additional web related logging consider setting the 'logging.level.web' property to 'DEBUG'
2026-05-14T18:56:49.578+03:00  INFO 7036 --- [movie-platform] [restartedMain] .s.d.r.c.RepositoryConfigurationDelegate : Bootstrapping Spring Data JPA repositories in DEFAULT mode.
2026-05-14T18:56:49.806+03:00  INFO 7036 --- [movie-platform] [restartedMain] .s.d.r.c.RepositoryConfigurationDelegate : Finished Spring Data repository scanning in 215 ms. Found 4 JPA repository interfaces.
2026-05-14T18:56:50.693+03:00  INFO 7036 --- [movie-platform] [restartedMain] o.s.b.w.embedded.tomcat.TomcatWebServer  : Tomcat initialized with port 8081 (http)
2026-05-14T18:56:50.715+03:00  INFO 7036 --- [movie-platform] [restartedMain] o.apache.catalina.core.StandardService   : Starting service [Tomcat]
2026-05-14T18:56:50.716+03:00  INFO 7036 --- [movie-platform] [restartedMain] o.apache.catalina.core.StandardEngine    : Starting Servlet engine: [Apache Tomcat/10.1.53]
2026-05-14T18:56:50.811+03:00  INFO 7036 --- [movie-platform] [restartedMain] o.a.c.c.C.[Tomcat].[localhost].[/]       : Initializing Spring embedded WebApplicationContext
2026-05-14T18:56:50.812+03:00  INFO 7036 --- [movie-platform] [restartedMain] w.s.c.ServletWebServerApplicationContext : Root WebApplicationContext: initialization completed in 2653 ms
2026-05-14T18:56:51.057+03:00  INFO 7036 --- [movie-platform] [restartedMain] com.zaxxer.hikari.HikariDataSource       : HikariPool-1 - Starting...
2026-05-14T18:56:51.196+03:00  INFO 7036 --- [movie-platform] [restartedMain] com.zaxxer.hikari.pool.HikariPool        : HikariPool-1 - Added connection org.postgresql.jdbc.PgConnection@627b02f8
2026-05-14T18:56:51.198+03:00  INFO 7036 --- [movie-platform] [restartedMain] com.zaxxer.hikari.HikariDataSource       : HikariPool-1 - Start completed.
2026-05-14T18:56:51.420+03:00  INFO 7036 --- [movie-platform] [restartedMain] liquibase.database                       : Set default schema name to public
2026-05-14T18:56:51.831+03:00  INFO 7036 --- [movie-platform] [restartedMain] liquibase.changelog                      : Reading from public.databasechangelog
2026-05-14T18:56:51.935+03:00  INFO 7036 --- [movie-platform] [restartedMain] liquibase.ui                             : Database is up to date, no changesets to execute
2026-05-14T18:56:51.940+03:00  INFO 7036 --- [movie-platform] [restartedMain] liquibase.changelog                      : Reading from public.databasechangelog
2026-05-14T18:56:51.955+03:00  INFO 7036 --- [movie-platform] [restartedMain] liquibase.util                           : UPDATE SUMMARY
2026-05-14T18:56:51.956+03:00  INFO 7036 --- [movie-platform] [restartedMain] liquibase.util                           : Run:                          0
2026-05-14T18:56:51.957+03:00  INFO 7036 --- [movie-platform] [restartedMain] liquibase.util                           : Previously run:               4
2026-05-14T18:56:51.957+03:00  INFO 7036 --- [movie-platform] [restartedMain] liquibase.util                           : Filtered out:                 0
2026-05-14T18:56:51.957+03:00  INFO 7036 --- [movie-platform] [restartedMain] liquibase.util                           : -------------------------------
2026-05-14T18:56:51.958+03:00  INFO 7036 --- [movie-platform] [restartedMain] liquibase.util                           : Total change sets:            4
2026-05-14T18:56:51.958+03:00  INFO 7036 --- [movie-platform] [restartedMain] liquibase.util                           : Update summary generated
2026-05-14T18:56:51.961+03:00  INFO 7036 --- [movie-platform] [restartedMain] liquibase.command                        : Command execution complete
2026-05-14T18:56:52.968+03:00  INFO 7036 --- [movie-platform] [restartedMain] o.hibernate.jpa.internal.util.LogHelper  : HHH000204: Processing PersistenceUnitInfo [name: default]
2026-05-14T18:56:53.041+03:00  INFO 7036 --- [movie-platform] [restartedMain] org.hibernate.Version                    : HHH000412: Hibernate ORM core version 6.6.45.Final
2026-05-14T18:56:53.088+03:00  INFO 7036 --- [movie-platform] [restartedMain] o.h.c.internal.RegionFactoryInitiator    : HHH000026: Second-level cache disabled
2026-05-14T18:56:53.478+03:00  INFO 7036 --- [movie-platform] [restartedMain] o.s.o.j.p.SpringPersistenceUnitInfo      : No LoadTimeWeaver setup: ignoring JPA class transformer
2026-05-14T18:56:53.553+03:00  WARN 7036 --- [movie-platform] [restartedMain] org.hibernate.orm.deprecation            : HHH90000025: PostgreSQLDialect does not need to be specified explicitly using 'hibernate.dialect' (remove the property setting and it will be selected by default)
2026-05-14T18:56:53.574+03:00  INFO 7036 --- [movie-platform] [restartedMain] org.hibernate.orm.connections.pooling    : HHH10001005: Database info:
	Database JDBC URL [Connecting through datasource 'HikariDataSource (HikariPool-1)']
	Database driver: undefined/unknown
	Database version: 13.23
	Autocommit mode: undefined/unknown
	Isolation level: undefined/unknown
	Minimum pool size: undefined/unknown
	Maximum pool size: undefined/unknown
2026-05-14T18:56:54.877+03:00  INFO 7036 --- [movie-platform] [restartedMain] o.h.e.t.j.p.i.JtaPlatformInitiator       : HHH000489: No JTA platform available (set 'hibernate.transaction.jta.platform' to enable JTA platform integration)
2026-05-14T18:56:54.882+03:00  INFO 7036 --- [movie-platform] [restartedMain] j.LocalContainerEntityManagerFactoryBean : Initialized JPA EntityManagerFactory for persistence unit 'default'
2026-05-14T18:56:55.357+03:00  INFO 7036 --- [movie-platform] [restartedMain] o.s.d.j.r.query.QueryEnhancerFactory     : Hibernate is in classpath; If applicable, HQL parser will be used.
2026-05-14T18:56:57.012+03:00  WARN 7036 --- [movie-platform] [restartedMain] JpaBaseConfiguration$JpaWebConfiguration : spring.jpa.open-in-view is enabled by default. Therefore, database queries may be performed during view rendering. Explicitly configure spring.jpa.open-in-view to disable this warning
2026-05-14T18:56:57.244+03:00  INFO 7036 --- [movie-platform] [restartedMain] r$InitializeUserDetailsManagerConfigurer : Global AuthenticationManager configured with UserDetailsService bean with name userDetailsServiceImpl
2026-05-14T18:56:57.803+03:00  INFO 7036 --- [movie-platform] [restartedMain] o.s.b.a.h2.H2ConsoleAutoConfiguration    : H2 console available at '/h2-console'. Database available at 'jdbc:postgresql://localhost:5432/moviedb'
2026-05-14T18:56:57.871+03:00  INFO 7036 --- [movie-platform] [restartedMain] o.s.b.d.a.OptionalLiveReloadServer       : LiveReload server is running on port 35729
2026-05-14T18:56:57.923+03:00  WARN 7036 --- [movie-platform] [restartedMain] ConfigServletWebServerApplicationContext : Exception encountered during context initialization - cancelling refresh attempt: org.springframework.context.ApplicationContextException: Failed to start bean 'webServerStartStop'
2026-05-14T18:56:57.933+03:00  INFO 7036 --- [movie-platform] [restartedMain] j.LocalContainerEntityManagerFactoryBean : Closing JPA EntityManagerFactory for persistence unit 'default'
2026-05-14T18:56:57.938+03:00  INFO 7036 --- [movie-platform] [restartedMain] com.zaxxer.hikari.HikariDataSource       : HikariPool-1 - Shutdown initiated...
2026-05-14T18:56:57.942+03:00  INFO 7036 --- [movie-platform] [restartedMain] com.zaxxer.hikari.HikariDataSource       : HikariPool-1 - Shutdown completed.
2026-05-14T18:56:57.965+03:00  INFO 7036 --- [movie-platform] [restartedMain] .s.b.a.l.ConditionEvaluationReportLogger : 

Error starting ApplicationContext. To display the condition evaluation report re-run your application with 'debug' enabled.
2026-05-14T18:56:57.990+03:00 ERROR 7036 --- [movie-platform] [restartedMain] o.s.b.d.LoggingFailureAnalysisReporter   : 

***************************
APPLICATION FAILED TO START
***************************

Description:

Web server failed to start. Port 8081 was already in use.

Action:

Identify and stop the process that's listening on port 8081 or configure this application to listen on another port.

2026-05-14T18:58:12.566+03:00  INFO 18044 --- [movie-platform] [restartedMain] c.i.p.m.MoviePlatformApplication         : Starting MoviePlatformApplication using Java 25 with PID 18044 (D:\projects\movie-platform\target\classes started by Ivan in D:\projects\movie-platform)
2026-05-14T18:58:12.568+03:00 DEBUG 18044 --- [movie-platform] [restartedMain] c.i.p.m.MoviePlatformApplication         : Running with Spring Boot v3.5.13, Spring v6.2.17
2026-05-14T18:58:12.570+03:00  INFO 18044 --- [movie-platform] [restartedMain] c.i.p.m.MoviePlatformApplication         : The following 1 profile is active: "local"
2026-05-14T18:58:12.636+03:00  INFO 18044 --- [movie-platform] [restartedMain] .e.DevToolsPropertyDefaultsPostProcessor : Devtools property defaults active! Set 'spring.devtools.add-properties' to 'false' to disable
2026-05-14T18:58:12.636+03:00  INFO 18044 --- [movie-platform] [restartedMain] .e.DevToolsPropertyDefaultsPostProcessor : For additional web related logging consider setting the 'logging.level.web' property to 'DEBUG'
2026-05-14T18:58:14.069+03:00  INFO 18044 --- [movie-platform] [restartedMain] .s.d.r.c.RepositoryConfigurationDelegate : Bootstrapping Spring Data JPA repositories in DEFAULT mode.
2026-05-14T18:58:14.284+03:00  INFO 18044 --- [movie-platform] [restartedMain] .s.d.r.c.RepositoryConfigurationDelegate : Finished Spring Data repository scanning in 202 ms. Found 4 JPA repository interfaces.
2026-05-14T18:58:15.123+03:00  INFO 18044 --- [movie-platform] [restartedMain] o.s.b.w.embedded.tomcat.TomcatWebServer  : Tomcat initialized with port 8081 (http)
2026-05-14T18:58:15.143+03:00  INFO 18044 --- [movie-platform] [restartedMain] o.apache.catalina.core.StandardService   : Starting service [Tomcat]
2026-05-14T18:58:15.144+03:00  INFO 18044 --- [movie-platform] [restartedMain] o.apache.catalina.core.StandardEngine    : Starting Servlet engine: [Apache Tomcat/10.1.53]
2026-05-14T18:58:15.222+03:00  INFO 18044 --- [movie-platform] [restartedMain] o.a.c.c.C.[Tomcat].[localhost].[/]       : Initializing Spring embedded WebApplicationContext
2026-05-14T18:58:15.223+03:00  INFO 18044 --- [movie-platform] [restartedMain] w.s.c.ServletWebServerApplicationContext : Root WebApplicationContext: initialization completed in 2586 ms
2026-05-14T18:58:15.453+03:00  INFO 18044 --- [movie-platform] [restartedMain] com.zaxxer.hikari.HikariDataSource       : HikariPool-1 - Starting...
2026-05-14T18:58:15.594+03:00  INFO 18044 --- [movie-platform] [restartedMain] com.zaxxer.hikari.pool.HikariPool        : HikariPool-1 - Added connection org.postgresql.jdbc.PgConnection@5e153fde
2026-05-14T18:58:15.596+03:00  INFO 18044 --- [movie-platform] [restartedMain] com.zaxxer.hikari.HikariDataSource       : HikariPool-1 - Start completed.
2026-05-14T18:58:15.797+03:00  INFO 18044 --- [movie-platform] [restartedMain] liquibase.database                       : Set default schema name to public
2026-05-14T18:58:16.159+03:00  INFO 18044 --- [movie-platform] [restartedMain] liquibase.changelog                      : Reading from public.databasechangelog
2026-05-14T18:58:16.238+03:00  INFO 18044 --- [movie-platform] [restartedMain] liquibase.ui                             : Database is up to date, no changesets to execute
2026-05-14T18:58:16.241+03:00  INFO 18044 --- [movie-platform] [restartedMain] liquibase.changelog                      : Reading from public.databasechangelog
2026-05-14T18:58:16.255+03:00  INFO 18044 --- [movie-platform] [restartedMain] liquibase.util                           : UPDATE SUMMARY
2026-05-14T18:58:16.256+03:00  INFO 18044 --- [movie-platform] [restartedMain] liquibase.util                           : Run:                          0
2026-05-14T18:58:16.256+03:00  INFO 18044 --- [movie-platform] [restartedMain] liquibase.util                           : Previously run:               4
2026-05-14T18:58:16.256+03:00  INFO 18044 --- [movie-platform] [restartedMain] liquibase.util                           : Filtered out:                 0
2026-05-14T18:58:16.257+03:00  INFO 18044 --- [movie-platform] [restartedMain] liquibase.util                           : -------------------------------
2026-05-14T18:58:16.257+03:00  INFO 18044 --- [movie-platform] [restartedMain] liquibase.util                           : Total change sets:            4
2026-05-14T18:58:16.258+03:00  INFO 18044 --- [movie-platform] [restartedMain] liquibase.util                           : Update summary generated
2026-05-14T18:58:16.260+03:00  INFO 18044 --- [movie-platform] [restartedMain] liquibase.command                        : Command execution complete
2026-05-14T18:58:17.358+03:00  INFO 18044 --- [movie-platform] [restartedMain] o.hibernate.jpa.internal.util.LogHelper  : HHH000204: Processing PersistenceUnitInfo [name: default]
2026-05-14T18:58:17.422+03:00  INFO 18044 --- [movie-platform] [restartedMain] org.hibernate.Version                    : HHH000412: Hibernate ORM core version 6.6.45.Final
2026-05-14T18:58:17.465+03:00  INFO 18044 --- [movie-platform] [restartedMain] o.h.c.internal.RegionFactoryInitiator    : HHH000026: Second-level cache disabled
2026-05-14T18:58:17.851+03:00  INFO 18044 --- [movie-platform] [restartedMain] o.s.o.j.p.SpringPersistenceUnitInfo      : No LoadTimeWeaver setup: ignoring JPA class transformer
2026-05-14T18:58:17.916+03:00  WARN 18044 --- [movie-platform] [restartedMain] org.hibernate.orm.deprecation            : HHH90000025: PostgreSQLDialect does not need to be specified explicitly using 'hibernate.dialect' (remove the property setting and it will be selected by default)
2026-05-14T18:58:17.938+03:00  INFO 18044 --- [movie-platform] [restartedMain] org.hibernate.orm.connections.pooling    : HHH10001005: Database info:
	Database JDBC URL [Connecting through datasource 'HikariDataSource (HikariPool-1)']
	Database driver: undefined/unknown
	Database version: 13.23
	Autocommit mode: undefined/unknown
	Isolation level: undefined/unknown
	Minimum pool size: undefined/unknown
	Maximum pool size: undefined/unknown
2026-05-14T18:58:19.211+03:00  INFO 18044 --- [movie-platform] [restartedMain] o.h.e.t.j.p.i.JtaPlatformInitiator       : HHH000489: No JTA platform available (set 'hibernate.transaction.jta.platform' to enable JTA platform integration)
2026-05-14T18:58:19.215+03:00  INFO 18044 --- [movie-platform] [restartedMain] j.LocalContainerEntityManagerFactoryBean : Initialized JPA EntityManagerFactory for persistence unit 'default'
2026-05-14T18:58:19.655+03:00  INFO 18044 --- [movie-platform] [restartedMain] o.s.d.j.r.query.QueryEnhancerFactory     : Hibernate is in classpath; If applicable, HQL parser will be used.
2026-05-14T18:58:21.174+03:00  WARN 18044 --- [movie-platform] [restartedMain] JpaBaseConfiguration$JpaWebConfiguration : spring.jpa.open-in-view is enabled by default. Therefore, database queries may be performed during view rendering. Explicitly configure spring.jpa.open-in-view to disable this warning
2026-05-14T18:58:21.407+03:00  INFO 18044 --- [movie-platform] [restartedMain] r$InitializeUserDetailsManagerConfigurer : Global AuthenticationManager configured with UserDetailsService bean with name userDetailsServiceImpl
2026-05-14T18:58:21.956+03:00  INFO 18044 --- [movie-platform] [restartedMain] o.s.b.a.h2.H2ConsoleAutoConfiguration    : H2 console available at '/h2-console'. Database available at 'jdbc:postgresql://localhost:5432/moviedb'
2026-05-14T18:58:22.026+03:00  INFO 18044 --- [movie-platform] [restartedMain] o.s.b.d.a.OptionalLiveReloadServer       : LiveReload server is running on port 35729
2026-05-14T18:58:22.076+03:00  WARN 18044 --- [movie-platform] [restartedMain] ConfigServletWebServerApplicationContext : Exception encountered during context initialization - cancelling refresh attempt: org.springframework.context.ApplicationContextException: Failed to start bean 'webServerStartStop'
2026-05-14T18:58:22.086+03:00  INFO 18044 --- [movie-platform] [restartedMain] j.LocalContainerEntityManagerFactoryBean : Closing JPA EntityManagerFactory for persistence unit 'default'
2026-05-14T18:58:22.091+03:00  INFO 18044 --- [movie-platform] [restartedMain] com.zaxxer.hikari.HikariDataSource       : HikariPool-1 - Shutdown initiated...
2026-05-14T18:58:22.096+03:00  INFO 18044 --- [movie-platform] [restartedMain] com.zaxxer.hikari.HikariDataSource       : HikariPool-1 - Shutdown completed.
2026-05-14T18:58:22.120+03:00  INFO 18044 --- [movie-platform] [restartedMain] .s.b.a.l.ConditionEvaluationReportLogger : 

Error starting ApplicationContext. To display the condition evaluation report re-run your application with 'debug' enabled.
2026-05-14T18:58:22.146+03:00 ERROR 18044 --- [movie-platform] [restartedMain] o.s.b.d.LoggingFailureAnalysisReporter   : 

***************************
APPLICATION FAILED TO START
***************************

Description:

Web server failed to start. Port 8081 was already in use.

Action:

Identify and stop the process that's listening on port 8081 or configure this application to listen on another port.

2026-05-14T19:00:14.496+03:00  INFO 5832 --- [movie-platform] [restartedMain] c.i.p.m.MoviePlatformApplication         : Starting MoviePlatformApplication using Java 25 with PID 5832 (D:\projects\movie-platform\target\classes started by Ivan in D:\projects\movie-platform)
2026-05-14T19:00:14.499+03:00 DEBUG 5832 --- [movie-platform] [restartedMain] c.i.p.m.MoviePlatformApplication         : Running with Spring Boot v3.5.13, Spring v6.2.17
2026-05-14T19:00:14.500+03:00  INFO 5832 --- [movie-platform] [restartedMain] c.i.p.m.MoviePlatformApplication         : The following 1 profile is active: "local"
2026-05-14T19:00:14.588+03:00  INFO 5832 --- [movie-platform] [restartedMain] .e.DevToolsPropertyDefaultsPostProcessor : Devtools property defaults active! Set 'spring.devtools.add-properties' to 'false' to disable
2026-05-14T19:00:14.588+03:00  INFO 5832 --- [movie-platform] [restartedMain] .e.DevToolsPropertyDefaultsPostProcessor : For additional web related logging consider setting the 'logging.level.web' property to 'DEBUG'
2026-05-14T19:00:16.425+03:00  INFO 5832 --- [movie-platform] [restartedMain] .s.d.r.c.RepositoryConfigurationDelegate : Bootstrapping Spring Data JPA repositories in DEFAULT mode.
2026-05-14T19:00:16.678+03:00  INFO 5832 --- [movie-platform] [restartedMain] .s.d.r.c.RepositoryConfigurationDelegate : Finished Spring Data repository scanning in 238 ms. Found 4 JPA repository interfaces.
2026-05-14T19:00:17.796+03:00  INFO 5832 --- [movie-platform] [restartedMain] o.s.b.w.embedded.tomcat.TomcatWebServer  : Tomcat initialized with port 8081 (http)
2026-05-14T19:00:17.816+03:00  INFO 5832 --- [movie-platform] [restartedMain] o.apache.catalina.core.StandardService   : Starting service [Tomcat]
2026-05-14T19:00:17.817+03:00  INFO 5832 --- [movie-platform] [restartedMain] o.apache.catalina.core.StandardEngine    : Starting Servlet engine: [Apache Tomcat/10.1.53]
2026-05-14T19:00:17.908+03:00  INFO 5832 --- [movie-platform] [restartedMain] o.a.c.c.C.[Tomcat].[localhost].[/]       : Initializing Spring embedded WebApplicationContext
2026-05-14T19:00:17.909+03:00  INFO 5832 --- [movie-platform] [restartedMain] w.s.c.ServletWebServerApplicationContext : Root WebApplicationContext: initialization completed in 3320 ms
2026-05-14T19:00:18.193+03:00  INFO 5832 --- [movie-platform] [restartedMain] com.zaxxer.hikari.HikariDataSource       : HikariPool-1 - Starting...
2026-05-14T19:00:18.358+03:00  INFO 5832 --- [movie-platform] [restartedMain] com.zaxxer.hikari.pool.HikariPool        : HikariPool-1 - Added connection org.postgresql.jdbc.PgConnection@286e252e
2026-05-14T19:00:18.361+03:00  INFO 5832 --- [movie-platform] [restartedMain] com.zaxxer.hikari.HikariDataSource       : HikariPool-1 - Start completed.
2026-05-14T19:00:18.599+03:00  INFO 5832 --- [movie-platform] [restartedMain] liquibase.database                       : Set default schema name to public
2026-05-14T19:00:19.058+03:00  INFO 5832 --- [movie-platform] [restartedMain] liquibase.changelog                      : Reading from public.databasechangelog
2026-05-14T19:00:19.150+03:00  INFO 5832 --- [movie-platform] [restartedMain] liquibase.ui                             : Database is up to date, no changesets to execute
2026-05-14T19:00:19.155+03:00  INFO 5832 --- [movie-platform] [restartedMain] liquibase.changelog                      : Reading from public.databasechangelog
2026-05-14T19:00:19.171+03:00  INFO 5832 --- [movie-platform] [restartedMain] liquibase.util                           : UPDATE SUMMARY
2026-05-14T19:00:19.171+03:00  INFO 5832 --- [movie-platform] [restartedMain] liquibase.util                           : Run:                          0
2026-05-14T19:00:19.172+03:00  INFO 5832 --- [movie-platform] [restartedMain] liquibase.util                           : Previously run:               4
2026-05-14T19:00:19.172+03:00  INFO 5832 --- [movie-platform] [restartedMain] liquibase.util                           : Filtered out:                 0
2026-05-14T19:00:19.172+03:00  INFO 5832 --- [movie-platform] [restartedMain] liquibase.util                           : -------------------------------
2026-05-14T19:00:19.173+03:00  INFO 5832 --- [movie-platform] [restartedMain] liquibase.util                           : Total change sets:            4
2026-05-14T19:00:19.175+03:00  INFO 5832 --- [movie-platform] [restartedMain] liquibase.util                           : Update summary generated
2026-05-14T19:00:19.176+03:00  INFO 5832 --- [movie-platform] [restartedMain] liquibase.command                        : Command execution complete
2026-05-14T19:00:20.220+03:00  INFO 5832 --- [movie-platform] [restartedMain] o.hibernate.jpa.internal.util.LogHelper  : HHH000204: Processing PersistenceUnitInfo [name: default]
2026-05-14T19:00:20.290+03:00  INFO 5832 --- [movie-platform] [restartedMain] org.hibernate.Version                    : HHH000412: Hibernate ORM core version 6.6.45.Final
2026-05-14T19:00:20.352+03:00  INFO 5832 --- [movie-platform] [restartedMain] o.h.c.internal.RegionFactoryInitiator    : HHH000026: Second-level cache disabled
2026-05-14T19:00:20.973+03:00  INFO 5832 --- [movie-platform] [restartedMain] o.s.o.j.p.SpringPersistenceUnitInfo      : No LoadTimeWeaver setup: ignoring JPA class transformer
2026-05-14T19:00:21.067+03:00  WARN 5832 --- [movie-platform] [restartedMain] org.hibernate.orm.deprecation            : HHH90000025: PostgreSQLDialect does not need to be specified explicitly using 'hibernate.dialect' (remove the property setting and it will be selected by default)
2026-05-14T19:00:21.096+03:00  INFO 5832 --- [movie-platform] [restartedMain] org.hibernate.orm.connections.pooling    : HHH10001005: Database info:
	Database JDBC URL [Connecting through datasource 'HikariDataSource (HikariPool-1)']
	Database driver: undefined/unknown
	Database version: 13.23
	Autocommit mode: undefined/unknown
	Isolation level: undefined/unknown
	Minimum pool size: undefined/unknown
	Maximum pool size: undefined/unknown
2026-05-14T19:00:22.702+03:00  INFO 5832 --- [movie-platform] [restartedMain] o.h.e.t.j.p.i.JtaPlatformInitiator       : HHH000489: No JTA platform available (set 'hibernate.transaction.jta.platform' to enable JTA platform integration)
2026-05-14T19:00:22.706+03:00  INFO 5832 --- [movie-platform] [restartedMain] j.LocalContainerEntityManagerFactoryBean : Initialized JPA EntityManagerFactory for persistence unit 'default'
2026-05-14T19:00:23.244+03:00  INFO 5832 --- [movie-platform] [restartedMain] o.s.d.j.r.query.QueryEnhancerFactory     : Hibernate is in classpath; If applicable, HQL parser will be used.
2026-05-14T19:00:25.293+03:00  WARN 5832 --- [movie-platform] [restartedMain] JpaBaseConfiguration$JpaWebConfiguration : spring.jpa.open-in-view is enabled by default. Therefore, database queries may be performed during view rendering. Explicitly configure spring.jpa.open-in-view to disable this warning
2026-05-14T19:00:25.525+03:00  INFO 5832 --- [movie-platform] [restartedMain] r$InitializeUserDetailsManagerConfigurer : Global AuthenticationManager configured with UserDetailsService bean with name userDetailsServiceImpl
2026-05-14T19:00:26.134+03:00  INFO 5832 --- [movie-platform] [restartedMain] o.s.b.a.h2.H2ConsoleAutoConfiguration    : H2 console available at '/h2-console'. Database available at 'jdbc:postgresql://localhost:5432/moviedb'
2026-05-14T19:00:26.214+03:00  INFO 5832 --- [movie-platform] [restartedMain] o.s.b.d.a.OptionalLiveReloadServer       : LiveReload server is running on port 35729
2026-05-14T19:00:26.268+03:00  WARN 5832 --- [movie-platform] [restartedMain] ConfigServletWebServerApplicationContext : Exception encountered during context initialization - cancelling refresh attempt: org.springframework.context.ApplicationContextException: Failed to start bean 'webServerStartStop'
2026-05-14T19:00:26.278+03:00  INFO 5832 --- [movie-platform] [restartedMain] j.LocalContainerEntityManagerFactoryBean : Closing JPA EntityManagerFactory for persistence unit 'default'
2026-05-14T19:00:26.283+03:00  INFO 5832 --- [movie-platform] [restartedMain] com.zaxxer.hikari.HikariDataSource       : HikariPool-1 - Shutdown initiated...
2026-05-14T19:00:26.288+03:00  INFO 5832 --- [movie-platform] [restartedMain] com.zaxxer.hikari.HikariDataSource       : HikariPool-1 - Shutdown completed.
2026-05-14T19:00:26.313+03:00  INFO 5832 --- [movie-platform] [restartedMain] .s.b.a.l.ConditionEvaluationReportLogger : 

Error starting ApplicationContext. To display the condition evaluation report re-run your application with 'debug' enabled.
2026-05-14T19:00:26.339+03:00 ERROR 5832 --- [movie-platform] [restartedMain] o.s.b.d.LoggingFailureAnalysisReporter   : 

***************************
APPLICATION FAILED TO START
***************************

Description:

Web server failed to start. Port 8081 was already in use.

Action:

Identify and stop the process that's listening on port 8081 or configure this application to listen on another port.

2026-05-14T19:07:08.511+03:00  INFO 8228 --- [movie-platform] [restartedMain] c.i.p.m.MoviePlatformApplication         : Starting MoviePlatformApplication using Java 25 with PID 8228 (D:\projects\movie-platform\target\classes started by Ivan in D:\projects\movie-platform)
2026-05-14T19:07:08.514+03:00 DEBUG 8228 --- [movie-platform] [restartedMain] c.i.p.m.MoviePlatformApplication         : Running with Spring Boot v3.5.13, Spring v6.2.17
2026-05-14T19:07:08.514+03:00  INFO 8228 --- [movie-platform] [restartedMain] c.i.p.m.MoviePlatformApplication         : The following 1 profile is active: "local"
2026-05-14T19:07:08.590+03:00  INFO 8228 --- [movie-platform] [restartedMain] .e.DevToolsPropertyDefaultsPostProcessor : Devtools property defaults active! Set 'spring.devtools.add-properties' to 'false' to disable
2026-05-14T19:07:08.591+03:00  INFO 8228 --- [movie-platform] [restartedMain] .e.DevToolsPropertyDefaultsPostProcessor : For additional web related logging consider setting the 'logging.level.web' property to 'DEBUG'
2026-05-14T19:07:09.981+03:00  INFO 8228 --- [movie-platform] [restartedMain] .s.d.r.c.RepositoryConfigurationDelegate : Bootstrapping Spring Data JPA repositories in DEFAULT mode.
2026-05-14T19:07:10.197+03:00  INFO 8228 --- [movie-platform] [restartedMain] .s.d.r.c.RepositoryConfigurationDelegate : Finished Spring Data repository scanning in 203 ms. Found 4 JPA repository interfaces.
2026-05-14T19:07:11.003+03:00  INFO 8228 --- [movie-platform] [restartedMain] o.s.b.w.embedded.tomcat.TomcatWebServer  : Tomcat initialized with port 8081 (http)
2026-05-14T19:07:11.022+03:00  INFO 8228 --- [movie-platform] [restartedMain] o.apache.catalina.core.StandardService   : Starting service [Tomcat]
2026-05-14T19:07:11.022+03:00  INFO 8228 --- [movie-platform] [restartedMain] o.apache.catalina.core.StandardEngine    : Starting Servlet engine: [Apache Tomcat/10.1.53]
2026-05-14T19:07:11.102+03:00  INFO 8228 --- [movie-platform] [restartedMain] o.a.c.c.C.[Tomcat].[localhost].[/]       : Initializing Spring embedded WebApplicationContext
2026-05-14T19:07:11.103+03:00  INFO 8228 --- [movie-platform] [restartedMain] w.s.c.ServletWebServerApplicationContext : Root WebApplicationContext: initialization completed in 2511 ms
2026-05-14T19:07:11.322+03:00  INFO 8228 --- [movie-platform] [restartedMain] com.zaxxer.hikari.HikariDataSource       : HikariPool-1 - Starting...
2026-05-14T19:07:12.385+03:00  WARN 8228 --- [movie-platform] [restartedMain] ConfigServletWebServerApplicationContext : Exception encountered during context initialization - cancelling refresh attempt: org.springframework.beans.factory.BeanCreationException: Error creating bean with name 'entityManagerFactory' defined in class path resource [org/springframework/boot/autoconfigure/orm/jpa/HibernateJpaConfiguration.class]: Failed to initialize dependency 'liquibase' of LoadTimeWeaverAware bean 'entityManagerFactory': Error creating bean with name 'liquibase' defined in class path resource [org/springframework/boot/autoconfigure/liquibase/LiquibaseAutoConfiguration$LiquibaseConfiguration.class]: liquibase.exception.DatabaseException: org.postgresql.util.PSQLException: Connection to localhost:5432 refused. Check that the hostname and port are correct and that the postmaster is accepting TCP/IP connections.
2026-05-14T19:07:12.390+03:00  INFO 8228 --- [movie-platform] [restartedMain] o.apache.catalina.core.StandardService   : Stopping service [Tomcat]
2026-05-14T19:07:12.409+03:00  INFO 8228 --- [movie-platform] [restartedMain] .s.b.a.l.ConditionEvaluationReportLogger : 

Error starting ApplicationContext. To display the condition evaluation report re-run your application with 'debug' enabled.
2026-05-14T19:07:12.435+03:00 ERROR 8228 --- [movie-platform] [restartedMain] o.s.boot.SpringApplication               : Application run failed

org.springframework.beans.factory.BeanCreationException: Error creating bean with name 'entityManagerFactory' defined in class path resource [org/springframework/boot/autoconfigure/orm/jpa/HibernateJpaConfiguration.class]: Failed to initialize dependency 'liquibase' of LoadTimeWeaverAware bean 'entityManagerFactory': Error creating bean with name 'liquibase' defined in class path resource [org/springframework/boot/autoconfigure/liquibase/LiquibaseAutoConfiguration$LiquibaseConfiguration.class]: liquibase.exception.DatabaseException: org.postgresql.util.PSQLException: Connection to localhost:5432 refused. Check that the hostname and port are correct and that the postmaster is accepting TCP/IP connections.
	at org.springframework.beans.factory.support.AbstractBeanFactory.doGetBean(AbstractBeanFactory.java:328) ~[spring-beans-6.2.17.jar:6.2.17]
	at org.springframework.beans.factory.support.AbstractBeanFactory.getBean(AbstractBeanFactory.java:207) ~[spring-beans-6.2.17.jar:6.2.17]
	at org.springframework.context.support.AbstractApplicationContext.finishBeanFactoryInitialization(AbstractApplicationContext.java:974) ~[spring-context-6.2.17.jar:6.2.17]
	at org.springframework.context.support.AbstractApplicationContext.refresh(AbstractApplicationContext.java:628) ~[spring-context-6.2.17.jar:6.2.17]
	at org.springframework.boot.web.servlet.context.ServletWebServerApplicationContext.refresh(ServletWebServerApplicationContext.java:146) ~[spring-boot-3.5.13.jar:3.5.13]
	at org.springframework.boot.SpringApplication.refresh(SpringApplication.java:752) ~[spring-boot-3.5.13.jar:3.5.13]
	at org.springframework.boot.SpringApplication.refreshContext(SpringApplication.java:439) ~[spring-boot-3.5.13.jar:3.5.13]
	at org.springframework.boot.SpringApplication.run(SpringApplication.java:318) ~[spring-boot-3.5.13.jar:3.5.13]
	at org.springframework.boot.SpringApplication.run(SpringApplication.java:1361) ~[spring-boot-3.5.13.jar:3.5.13]
	at org.springframework.boot.SpringApplication.run(SpringApplication.java:1350) ~[spring-boot-3.5.13.jar:3.5.13]
	at com.ivan.projects.movieplatform.MoviePlatformApplication.main(MoviePlatformApplication.java:11) ~[classes/:na]
	at java.base/jdk.internal.reflect.DirectMethodHandleAccessor.invoke(DirectMethodHandleAccessor.java:104) ~[na:na]
	at java.base/java.lang.reflect.Method.invoke(Method.java:565) ~[na:na]
	at org.springframework.boot.devtools.restart.RestartLauncher.run(RestartLauncher.java:50) ~[spring-boot-devtools-3.5.13.jar:3.5.13]
Caused by: org.springframework.beans.factory.BeanCreationException: Error creating bean with name 'liquibase' defined in class path resource [org/springframework/boot/autoconfigure/liquibase/LiquibaseAutoConfiguration$LiquibaseConfiguration.class]: liquibase.exception.DatabaseException: org.postgresql.util.PSQLException: Connection to localhost:5432 refused. Check that the hostname and port are correct and that the postmaster is accepting TCP/IP connections.
	at org.springframework.beans.factory.support.AbstractAutowireCapableBeanFactory.initializeBean(AbstractAutowireCapableBeanFactory.java:1826) ~[spring-beans-6.2.17.jar:6.2.17]
	at org.springframework.beans.factory.support.AbstractAutowireCapableBeanFactory.doCreateBean(AbstractAutowireCapableBeanFactory.java:607) ~[spring-beans-6.2.17.jar:6.2.17]
	at org.springframework.beans.factory.support.AbstractAutowireCapableBeanFactory.createBean(AbstractAutowireCapableBeanFactory.java:529) ~[spring-beans-6.2.17.jar:6.2.17]
	at org.springframework.beans.factory.support.AbstractBeanFactory.lambda$doGetBean$0(AbstractBeanFactory.java:339) ~[spring-beans-6.2.17.jar:6.2.17]
	at org.springframework.beans.factory.support.DefaultSingletonBeanRegistry.getSingleton(DefaultSingletonBeanRegistry.java:373) ~[spring-beans-6.2.17.jar:6.2.17]
	at org.springframework.beans.factory.support.AbstractBeanFactory.doGetBean(AbstractBeanFactory.java:337) ~[spring-beans-6.2.17.jar:6.2.17]
	at org.springframework.beans.factory.support.AbstractBeanFactory.getBean(AbstractBeanFactory.java:202) ~[spring-beans-6.2.17.jar:6.2.17]
	at org.springframework.beans.factory.support.AbstractBeanFactory.doGetBean(AbstractBeanFactory.java:315) ~[spring-beans-6.2.17.jar:6.2.17]
	... 13 common frames omitted
Caused by: liquibase.exception.LiquibaseException: liquibase.exception.DatabaseException: org.postgresql.util.PSQLException: Connection to localhost:5432 refused. Check that the hostname and port are correct and that the postmaster is accepting TCP/IP connections.
	at liquibase.integration.spring.SpringLiquibase.afterPropertiesSet(SpringLiquibase.java:288) ~[liquibase-core-4.31.1.jar:na]
	at org.springframework.beans.factory.support.AbstractAutowireCapableBeanFactory.invokeInitMethods(AbstractAutowireCapableBeanFactory.java:1873) ~[spring-beans-6.2.17.jar:6.2.17]
	at org.springframework.beans.factory.support.AbstractAutowireCapableBeanFactory.initializeBean(AbstractAutowireCapableBeanFactory.java:1822) ~[spring-beans-6.2.17.jar:6.2.17]
	... 20 common frames omitted
Caused by: liquibase.exception.DatabaseException: org.postgresql.util.PSQLException: Connection to localhost:5432 refused. Check that the hostname and port are correct and that the postmaster is accepting TCP/IP connections.
	at liquibase.integration.spring.SpringLiquibase.lambda$afterPropertiesSet$0(SpringLiquibase.java:280) ~[liquibase-core-4.31.1.jar:na]
	at liquibase.Scope.lambda$child$0(Scope.java:201) ~[liquibase-core-4.31.1.jar:na]
	at liquibase.Scope.child(Scope.java:210) ~[liquibase-core-4.31.1.jar:na]
	at liquibase.Scope.child(Scope.java:200) ~[liquibase-core-4.31.1.jar:na]
	at liquibase.Scope.child(Scope.java:179) ~[liquibase-core-4.31.1.jar:na]
	at liquibase.integration.spring.SpringLiquibase.afterPropertiesSet(SpringLiquibase.java:271) ~[liquibase-core-4.31.1.jar:na]
	... 22 common frames omitted
Caused by: org.postgresql.util.PSQLException: Connection to localhost:5432 refused. Check that the hostname and port are correct and that the postmaster is accepting TCP/IP connections.
	at org.postgresql.core.v3.ConnectionFactoryImpl.openConnectionImpl(ConnectionFactoryImpl.java:373) ~[postgresql-42.7.10.jar:42.7.10]
	at org.postgresql.core.ConnectionFactory.openConnection(ConnectionFactory.java:57) ~[postgresql-42.7.10.jar:42.7.10]
	at org.postgresql.jdbc.PgConnection.<init>(PgConnection.java:290) ~[postgresql-42.7.10.jar:42.7.10]
	at org.postgresql.Driver.makeConnection(Driver.java:448) ~[postgresql-42.7.10.jar:42.7.10]
	at org.postgresql.Driver.connect(Driver.java:298) ~[postgresql-42.7.10.jar:42.7.10]
	at com.zaxxer.hikari.util.DriverDataSource.getConnection(DriverDataSource.java:144) ~[HikariCP-6.3.3.jar:na]
	at com.zaxxer.hikari.pool.PoolBase.newConnection(PoolBase.java:370) ~[HikariCP-6.3.3.jar:na]
	at com.zaxxer.hikari.pool.PoolBase.newPoolEntry(PoolBase.java:207) ~[HikariCP-6.3.3.jar:na]
	at com.zaxxer.hikari.pool.HikariPool.createPoolEntry(HikariPool.java:488) ~[HikariCP-6.3.3.jar:na]
	at com.zaxxer.hikari.pool.HikariPool.checkFailFast(HikariPool.java:576) ~[HikariCP-6.3.3.jar:na]
	at com.zaxxer.hikari.pool.HikariPool.<init>(HikariPool.java:97) ~[HikariCP-6.3.3.jar:na]
	at com.zaxxer.hikari.HikariDataSource.getConnection(HikariDataSource.java:111) ~[HikariCP-6.3.3.jar:na]
	at liquibase.integration.spring.SpringLiquibase.lambda$afterPropertiesSet$0(SpringLiquibase.java:275) ~[liquibase-core-4.31.1.jar:na]
	... 27 common frames omitted
Caused by: java.net.ConnectException: Connection refused: getsockopt
	at java.base/sun.nio.ch.Net.pollConnect(Native Method) ~[na:na]
	at java.base/sun.nio.ch.Net.pollConnectNow(Net.java:639) ~[na:na]
	at java.base/sun.nio.ch.NioSocketImpl.timedFinishConnect(NioSocketImpl.java:543) ~[na:na]
	at java.base/sun.nio.ch.NioSocketImpl.connect(NioSocketImpl.java:594) ~[na:na]
	at java.base/java.net.SocksSocketImpl.connect(SocksSocketImpl.java:284) ~[na:na]
	at java.base/java.net.Socket.connect(Socket.java:659) ~[na:na]
	at org.postgresql.core.PGStream.createSocket(PGStream.java:261) ~[postgresql-42.7.10.jar:42.7.10]
	at org.postgresql.core.PGStream.<init>(PGStream.java:122) ~[postgresql-42.7.10.jar:42.7.10]
	at org.postgresql.core.v3.ConnectionFactoryImpl.tryConnect(ConnectionFactoryImpl.java:146) ~[postgresql-42.7.10.jar:42.7.10]
	at org.postgresql.core.v3.ConnectionFactoryImpl.openConnectionImpl(ConnectionFactoryImpl.java:289) ~[postgresql-42.7.10.jar:42.7.10]
	... 39 common frames omitted

2026-05-14T19:07:37.026+03:00  INFO 3176 --- [movie-platform] [restartedMain] c.i.p.m.MoviePlatformApplication         : Starting MoviePlatformApplication using Java 25 with PID 3176 (D:\projects\movie-platform\target\classes started by Ivan in D:\projects\movie-platform)
2026-05-14T19:07:37.030+03:00 DEBUG 3176 --- [movie-platform] [restartedMain] c.i.p.m.MoviePlatformApplication         : Running with Spring Boot v3.5.13, Spring v6.2.17
2026-05-14T19:07:37.031+03:00  INFO 3176 --- [movie-platform] [restartedMain] c.i.p.m.MoviePlatformApplication         : The following 1 profile is active: "local"
2026-05-14T19:07:37.119+03:00  INFO 3176 --- [movie-platform] [restartedMain] .e.DevToolsPropertyDefaultsPostProcessor : Devtools property defaults active! Set 'spring.devtools.add-properties' to 'false' to disable
2026-05-14T19:07:37.120+03:00  INFO 3176 --- [movie-platform] [restartedMain] .e.DevToolsPropertyDefaultsPostProcessor : For additional web related logging consider setting the 'logging.level.web' property to 'DEBUG'
2026-05-14T19:07:38.790+03:00  INFO 3176 --- [movie-platform] [restartedMain] .s.d.r.c.RepositoryConfigurationDelegate : Bootstrapping Spring Data JPA repositories in DEFAULT mode.
2026-05-14T19:07:39.058+03:00  INFO 3176 --- [movie-platform] [restartedMain] .s.d.r.c.RepositoryConfigurationDelegate : Finished Spring Data repository scanning in 254 ms. Found 4 JPA repository interfaces.
2026-05-14T19:07:40.073+03:00  INFO 3176 --- [movie-platform] [restartedMain] o.s.b.w.embedded.tomcat.TomcatWebServer  : Tomcat initialized with port 8081 (http)
2026-05-14T19:07:40.100+03:00  INFO 3176 --- [movie-platform] [restartedMain] o.apache.catalina.core.StandardService   : Starting service [Tomcat]
2026-05-14T19:07:40.101+03:00  INFO 3176 --- [movie-platform] [restartedMain] o.apache.catalina.core.StandardEngine    : Starting Servlet engine: [Apache Tomcat/10.1.53]
2026-05-14T19:07:40.208+03:00  INFO 3176 --- [movie-platform] [restartedMain] o.a.c.c.C.[Tomcat].[localhost].[/]       : Initializing Spring embedded WebApplicationContext
2026-05-14T19:07:40.209+03:00  INFO 3176 --- [movie-platform] [restartedMain] w.s.c.ServletWebServerApplicationContext : Root WebApplicationContext: initialization completed in 3088 ms
2026-05-14T19:07:40.455+03:00  INFO 3176 --- [movie-platform] [restartedMain] com.zaxxer.hikari.HikariDataSource       : HikariPool-1 - Starting...
2026-05-14T19:07:40.626+03:00  INFO 3176 --- [movie-platform] [restartedMain] com.zaxxer.hikari.pool.HikariPool        : HikariPool-1 - Added connection org.postgresql.jdbc.PgConnection@2f0ba173
2026-05-14T19:07:40.630+03:00  INFO 3176 --- [movie-platform] [restartedMain] com.zaxxer.hikari.HikariDataSource       : HikariPool-1 - Start completed.
2026-05-14T19:07:40.879+03:00  INFO 3176 --- [movie-platform] [restartedMain] liquibase.database                       : Set default schema name to public
2026-05-14T19:07:41.316+03:00  INFO 3176 --- [movie-platform] [restartedMain] liquibase.changelog                      : Reading from public.databasechangelog
2026-05-14T19:07:41.438+03:00  INFO 3176 --- [movie-platform] [restartedMain] liquibase.ui                             : Database is up to date, no changesets to execute
2026-05-14T19:07:41.443+03:00  INFO 3176 --- [movie-platform] [restartedMain] liquibase.changelog                      : Reading from public.databasechangelog
2026-05-14T19:07:41.461+03:00  INFO 3176 --- [movie-platform] [restartedMain] liquibase.util                           : UPDATE SUMMARY
2026-05-14T19:07:41.461+03:00  INFO 3176 --- [movie-platform] [restartedMain] liquibase.util                           : Run:                          0
2026-05-14T19:07:41.462+03:00  INFO 3176 --- [movie-platform] [restartedMain] liquibase.util                           : Previously run:               4
2026-05-14T19:07:41.463+03:00  INFO 3176 --- [movie-platform] [restartedMain] liquibase.util                           : Filtered out:                 0
2026-05-14T19:07:41.463+03:00  INFO 3176 --- [movie-platform] [restartedMain] liquibase.util                           : -------------------------------
2026-05-14T19:07:41.463+03:00  INFO 3176 --- [movie-platform] [restartedMain] liquibase.util                           : Total change sets:            4
2026-05-14T19:07:41.465+03:00  INFO 3176 --- [movie-platform] [restartedMain] liquibase.util                           : Update summary generated
2026-05-14T19:07:41.466+03:00  INFO 3176 --- [movie-platform] [restartedMain] liquibase.command                        : Command execution complete
2026-05-14T19:07:42.669+03:00  INFO 3176 --- [movie-platform] [restartedMain] o.hibernate.jpa.internal.util.LogHelper  : HHH000204: Processing PersistenceUnitInfo [name: default]
2026-05-14T19:07:42.740+03:00  INFO 3176 --- [movie-platform] [restartedMain] org.hibernate.Version                    : HHH000412: Hibernate ORM core version 6.6.45.Final
2026-05-14T19:07:42.787+03:00  INFO 3176 --- [movie-platform] [restartedMain] o.h.c.internal.RegionFactoryInitiator    : HHH000026: Second-level cache disabled
2026-05-14T19:07:43.174+03:00  INFO 3176 --- [movie-platform] [restartedMain] o.s.o.j.p.SpringPersistenceUnitInfo      : No LoadTimeWeaver setup: ignoring JPA class transformer
2026-05-14T19:07:43.244+03:00  WARN 3176 --- [movie-platform] [restartedMain] org.hibernate.orm.deprecation            : HHH90000025: PostgreSQLDialect does not need to be specified explicitly using 'hibernate.dialect' (remove the property setting and it will be selected by default)
2026-05-14T19:07:43.267+03:00  INFO 3176 --- [movie-platform] [restartedMain] org.hibernate.orm.connections.pooling    : HHH10001005: Database info:
	Database JDBC URL [Connecting through datasource 'HikariDataSource (HikariPool-1)']
	Database driver: undefined/unknown
	Database version: 13.23
	Autocommit mode: undefined/unknown
	Isolation level: undefined/unknown
	Minimum pool size: undefined/unknown
	Maximum pool size: undefined/unknown
2026-05-14T19:07:44.543+03:00  INFO 3176 --- [movie-platform] [restartedMain] o.h.e.t.j.p.i.JtaPlatformInitiator       : HHH000489: No JTA platform available (set 'hibernate.transaction.jta.platform' to enable JTA platform integration)
2026-05-14T19:07:44.548+03:00  INFO 3176 --- [movie-platform] [restartedMain] j.LocalContainerEntityManagerFactoryBean : Initialized JPA EntityManagerFactory for persistence unit 'default'
2026-05-14T19:07:44.986+03:00  INFO 3176 --- [movie-platform] [restartedMain] o.s.d.j.r.query.QueryEnhancerFactory     : Hibernate is in classpath; If applicable, HQL parser will be used.
2026-05-14T19:07:46.546+03:00  WARN 3176 --- [movie-platform] [restartedMain] JpaBaseConfiguration$JpaWebConfiguration : spring.jpa.open-in-view is enabled by default. Therefore, database queries may be performed during view rendering. Explicitly configure spring.jpa.open-in-view to disable this warning
2026-05-14T19:07:46.811+03:00  INFO 3176 --- [movie-platform] [restartedMain] r$InitializeUserDetailsManagerConfigurer : Global AuthenticationManager configured with UserDetailsService bean with name userDetailsServiceImpl
2026-05-14T19:07:47.383+03:00  INFO 3176 --- [movie-platform] [restartedMain] o.s.b.a.h2.H2ConsoleAutoConfiguration    : H2 console available at '/h2-console'. Database available at 'jdbc:postgresql://localhost:5432/moviedb'
2026-05-14T19:07:47.458+03:00  INFO 3176 --- [movie-platform] [restartedMain] o.s.b.d.a.OptionalLiveReloadServer       : LiveReload server is running on port 35729
2026-05-14T19:07:47.512+03:00  WARN 3176 --- [movie-platform] [restartedMain] ConfigServletWebServerApplicationContext : Exception encountered during context initialization - cancelling refresh attempt: org.springframework.context.ApplicationContextException: Failed to start bean 'webServerStartStop'
2026-05-14T19:07:47.522+03:00  INFO 3176 --- [movie-platform] [restartedMain] j.LocalContainerEntityManagerFactoryBean : Closing JPA EntityManagerFactory for persistence unit 'default'
2026-05-14T19:07:47.527+03:00  INFO 3176 --- [movie-platform] [restartedMain] com.zaxxer.hikari.HikariDataSource       : HikariPool-1 - Shutdown initiated...
2026-05-14T19:07:47.533+03:00  INFO 3176 --- [movie-platform] [restartedMain] com.zaxxer.hikari.HikariDataSource       : HikariPool-1 - Shutdown completed.
2026-05-14T19:07:47.558+03:00  INFO 3176 --- [movie-platform] [restartedMain] .s.b.a.l.ConditionEvaluationReportLogger : 

Error starting ApplicationContext. To display the condition evaluation report re-run your application with 'debug' enabled.
2026-05-14T19:07:47.585+03:00 ERROR 3176 --- [movie-platform] [restartedMain] o.s.b.d.LoggingFailureAnalysisReporter   : 

***************************
APPLICATION FAILED TO START
***************************

Description:

Web server failed to start. Port 8081 was already in use.

Action:

Identify and stop the process that's listening on port 8081 or configure this application to listen on another port.

2026-05-14T19:08:08.092+03:00  INFO 21924 --- [movie-platform] [restartedMain] c.i.p.m.MoviePlatformApplication         : Starting MoviePlatformApplication using Java 25 with PID 21924 (D:\projects\movie-platform\target\classes started by Ivan in D:\projects\movie-platform)
2026-05-14T19:08:08.094+03:00 DEBUG 21924 --- [movie-platform] [restartedMain] c.i.p.m.MoviePlatformApplication         : Running with Spring Boot v3.5.13, Spring v6.2.17
2026-05-14T19:08:08.095+03:00  INFO 21924 --- [movie-platform] [restartedMain] c.i.p.m.MoviePlatformApplication         : The following 1 profile is active: "local"
2026-05-14T19:08:08.172+03:00  INFO 21924 --- [movie-platform] [restartedMain] .e.DevToolsPropertyDefaultsPostProcessor : Devtools property defaults active! Set 'spring.devtools.add-properties' to 'false' to disable
2026-05-14T19:08:08.173+03:00  INFO 21924 --- [movie-platform] [restartedMain] .e.DevToolsPropertyDefaultsPostProcessor : For additional web related logging consider setting the 'logging.level.web' property to 'DEBUG'
2026-05-14T19:08:09.571+03:00  INFO 21924 --- [movie-platform] [restartedMain] .s.d.r.c.RepositoryConfigurationDelegate : Bootstrapping Spring Data JPA repositories in DEFAULT mode.
2026-05-14T19:08:09.786+03:00  INFO 21924 --- [movie-platform] [restartedMain] .s.d.r.c.RepositoryConfigurationDelegate : Finished Spring Data repository scanning in 202 ms. Found 4 JPA repository interfaces.
2026-05-14T19:08:10.599+03:00  INFO 21924 --- [movie-platform] [restartedMain] o.s.b.w.embedded.tomcat.TomcatWebServer  : Tomcat initialized with port 8081 (http)
2026-05-14T19:08:10.619+03:00  INFO 21924 --- [movie-platform] [restartedMain] o.apache.catalina.core.StandardService   : Starting service [Tomcat]
2026-05-14T19:08:10.620+03:00  INFO 21924 --- [movie-platform] [restartedMain] o.apache.catalina.core.StandardEngine    : Starting Servlet engine: [Apache Tomcat/10.1.53]
2026-05-14T19:08:10.701+03:00  INFO 21924 --- [movie-platform] [restartedMain] o.a.c.c.C.[Tomcat].[localhost].[/]       : Initializing Spring embedded WebApplicationContext
2026-05-14T19:08:10.702+03:00  INFO 21924 --- [movie-platform] [restartedMain] w.s.c.ServletWebServerApplicationContext : Root WebApplicationContext: initialization completed in 2528 ms
2026-05-14T19:08:10.930+03:00  INFO 21924 --- [movie-platform] [restartedMain] com.zaxxer.hikari.HikariDataSource       : HikariPool-1 - Starting...
2026-05-14T19:08:11.997+03:00  WARN 21924 --- [movie-platform] [restartedMain] ConfigServletWebServerApplicationContext : Exception encountered during context initialization - cancelling refresh attempt: org.springframework.beans.factory.BeanCreationException: Error creating bean with name 'entityManagerFactory' defined in class path resource [org/springframework/boot/autoconfigure/orm/jpa/HibernateJpaConfiguration.class]: Failed to initialize dependency 'liquibase' of LoadTimeWeaverAware bean 'entityManagerFactory': Error creating bean with name 'liquibase' defined in class path resource [org/springframework/boot/autoconfigure/liquibase/LiquibaseAutoConfiguration$LiquibaseConfiguration.class]: liquibase.exception.DatabaseException: org.postgresql.util.PSQLException: Connection to localhost:5432 refused. Check that the hostname and port are correct and that the postmaster is accepting TCP/IP connections.
2026-05-14T19:08:12.002+03:00  INFO 21924 --- [movie-platform] [restartedMain] o.apache.catalina.core.StandardService   : Stopping service [Tomcat]
2026-05-14T19:08:12.021+03:00  INFO 21924 --- [movie-platform] [restartedMain] .s.b.a.l.ConditionEvaluationReportLogger : 

Error starting ApplicationContext. To display the condition evaluation report re-run your application with 'debug' enabled.
2026-05-14T19:08:12.046+03:00 ERROR 21924 --- [movie-platform] [restartedMain] o.s.boot.SpringApplication               : Application run failed

org.springframework.beans.factory.BeanCreationException: Error creating bean with name 'entityManagerFactory' defined in class path resource [org/springframework/boot/autoconfigure/orm/jpa/HibernateJpaConfiguration.class]: Failed to initialize dependency 'liquibase' of LoadTimeWeaverAware bean 'entityManagerFactory': Error creating bean with name 'liquibase' defined in class path resource [org/springframework/boot/autoconfigure/liquibase/LiquibaseAutoConfiguration$LiquibaseConfiguration.class]: liquibase.exception.DatabaseException: org.postgresql.util.PSQLException: Connection to localhost:5432 refused. Check that the hostname and port are correct and that the postmaster is accepting TCP/IP connections.
	at org.springframework.beans.factory.support.AbstractBeanFactory.doGetBean(AbstractBeanFactory.java:328) ~[spring-beans-6.2.17.jar:6.2.17]
	at org.springframework.beans.factory.support.AbstractBeanFactory.getBean(AbstractBeanFactory.java:207) ~[spring-beans-6.2.17.jar:6.2.17]
	at org.springframework.context.support.AbstractApplicationContext.finishBeanFactoryInitialization(AbstractApplicationContext.java:974) ~[spring-context-6.2.17.jar:6.2.17]
	at org.springframework.context.support.AbstractApplicationContext.refresh(AbstractApplicationContext.java:628) ~[spring-context-6.2.17.jar:6.2.17]
	at org.springframework.boot.web.servlet.context.ServletWebServerApplicationContext.refresh(ServletWebServerApplicationContext.java:146) ~[spring-boot-3.5.13.jar:3.5.13]
	at org.springframework.boot.SpringApplication.refresh(SpringApplication.java:752) ~[spring-boot-3.5.13.jar:3.5.13]
	at org.springframework.boot.SpringApplication.refreshContext(SpringApplication.java:439) ~[spring-boot-3.5.13.jar:3.5.13]
	at org.springframework.boot.SpringApplication.run(SpringApplication.java:318) ~[spring-boot-3.5.13.jar:3.5.13]
	at org.springframework.boot.SpringApplication.run(SpringApplication.java:1361) ~[spring-boot-3.5.13.jar:3.5.13]
	at org.springframework.boot.SpringApplication.run(SpringApplication.java:1350) ~[spring-boot-3.5.13.jar:3.5.13]
	at com.ivan.projects.movieplatform.MoviePlatformApplication.main(MoviePlatformApplication.java:11) ~[classes/:na]
	at java.base/jdk.internal.reflect.DirectMethodHandleAccessor.invoke(DirectMethodHandleAccessor.java:104) ~[na:na]
	at java.base/java.lang.reflect.Method.invoke(Method.java:565) ~[na:na]
	at org.springframework.boot.devtools.restart.RestartLauncher.run(RestartLauncher.java:50) ~[spring-boot-devtools-3.5.13.jar:3.5.13]
Caused by: org.springframework.beans.factory.BeanCreationException: Error creating bean with name 'liquibase' defined in class path resource [org/springframework/boot/autoconfigure/liquibase/LiquibaseAutoConfiguration$LiquibaseConfiguration.class]: liquibase.exception.DatabaseException: org.postgresql.util.PSQLException: Connection to localhost:5432 refused. Check that the hostname and port are correct and that the postmaster is accepting TCP/IP connections.
	at org.springframework.beans.factory.support.AbstractAutowireCapableBeanFactory.initializeBean(AbstractAutowireCapableBeanFactory.java:1826) ~[spring-beans-6.2.17.jar:6.2.17]
	at org.springframework.beans.factory.support.AbstractAutowireCapableBeanFactory.doCreateBean(AbstractAutowireCapableBeanFactory.java:607) ~[spring-beans-6.2.17.jar:6.2.17]
	at org.springframework.beans.factory.support.AbstractAutowireCapableBeanFactory.createBean(AbstractAutowireCapableBeanFactory.java:529) ~[spring-beans-6.2.17.jar:6.2.17]
	at org.springframework.beans.factory.support.AbstractBeanFactory.lambda$doGetBean$0(AbstractBeanFactory.java:339) ~[spring-beans-6.2.17.jar:6.2.17]
	at org.springframework.beans.factory.support.DefaultSingletonBeanRegistry.getSingleton(DefaultSingletonBeanRegistry.java:373) ~[spring-beans-6.2.17.jar:6.2.17]
	at org.springframework.beans.factory.support.AbstractBeanFactory.doGetBean(AbstractBeanFactory.java:337) ~[spring-beans-6.2.17.jar:6.2.17]
	at org.springframework.beans.factory.support.AbstractBeanFactory.getBean(AbstractBeanFactory.java:202) ~[spring-beans-6.2.17.jar:6.2.17]
	at org.springframework.beans.factory.support.AbstractBeanFactory.doGetBean(AbstractBeanFactory.java:315) ~[spring-beans-6.2.17.jar:6.2.17]
	... 13 common frames omitted
Caused by: liquibase.exception.LiquibaseException: liquibase.exception.DatabaseException: org.postgresql.util.PSQLException: Connection to localhost:5432 refused. Check that the hostname and port are correct and that the postmaster is accepting TCP/IP connections.
	at liquibase.integration.spring.SpringLiquibase.afterPropertiesSet(SpringLiquibase.java:288) ~[liquibase-core-4.31.1.jar:na]
	at org.springframework.beans.factory.support.AbstractAutowireCapableBeanFactory.invokeInitMethods(AbstractAutowireCapableBeanFactory.java:1873) ~[spring-beans-6.2.17.jar:6.2.17]
	at org.springframework.beans.factory.support.AbstractAutowireCapableBeanFactory.initializeBean(AbstractAutowireCapableBeanFactory.java:1822) ~[spring-beans-6.2.17.jar:6.2.17]
	... 20 common frames omitted
Caused by: liquibase.exception.DatabaseException: org.postgresql.util.PSQLException: Connection to localhost:5432 refused. Check that the hostname and port are correct and that the postmaster is accepting TCP/IP connections.
	at liquibase.integration.spring.SpringLiquibase.lambda$afterPropertiesSet$0(SpringLiquibase.java:280) ~[liquibase-core-4.31.1.jar:na]
	at liquibase.Scope.lambda$child$0(Scope.java:201) ~[liquibase-core-4.31.1.jar:na]
	at liquibase.Scope.child(Scope.java:210) ~[liquibase-core-4.31.1.jar:na]
	at liquibase.Scope.child(Scope.java:200) ~[liquibase-core-4.31.1.jar:na]
	at liquibase.Scope.child(Scope.java:179) ~[liquibase-core-4.31.1.jar:na]
	at liquibase.integration.spring.SpringLiquibase.afterPropertiesSet(SpringLiquibase.java:271) ~[liquibase-core-4.31.1.jar:na]
	... 22 common frames omitted
Caused by: org.postgresql.util.PSQLException: Connection to localhost:5432 refused. Check that the hostname and port are correct and that the postmaster is accepting TCP/IP connections.
	at org.postgresql.core.v3.ConnectionFactoryImpl.openConnectionImpl(ConnectionFactoryImpl.java:373) ~[postgresql-42.7.10.jar:42.7.10]
	at org.postgresql.core.ConnectionFactory.openConnection(ConnectionFactory.java:57) ~[postgresql-42.7.10.jar:42.7.10]
	at org.postgresql.jdbc.PgConnection.<init>(PgConnection.java:290) ~[postgresql-42.7.10.jar:42.7.10]
	at org.postgresql.Driver.makeConnection(Driver.java:448) ~[postgresql-42.7.10.jar:42.7.10]
	at org.postgresql.Driver.connect(Driver.java:298) ~[postgresql-42.7.10.jar:42.7.10]
	at com.zaxxer.hikari.util.DriverDataSource.getConnection(DriverDataSource.java:144) ~[HikariCP-6.3.3.jar:na]
	at com.zaxxer.hikari.pool.PoolBase.newConnection(PoolBase.java:370) ~[HikariCP-6.3.3.jar:na]
	at com.zaxxer.hikari.pool.PoolBase.newPoolEntry(PoolBase.java:207) ~[HikariCP-6.3.3.jar:na]
	at com.zaxxer.hikari.pool.HikariPool.createPoolEntry(HikariPool.java:488) ~[HikariCP-6.3.3.jar:na]
	at com.zaxxer.hikari.pool.HikariPool.checkFailFast(HikariPool.java:576) ~[HikariCP-6.3.3.jar:na]
	at com.zaxxer.hikari.pool.HikariPool.<init>(HikariPool.java:97) ~[HikariCP-6.3.3.jar:na]
	at com.zaxxer.hikari.HikariDataSource.getConnection(HikariDataSource.java:111) ~[HikariCP-6.3.3.jar:na]
	at liquibase.integration.spring.SpringLiquibase.lambda$afterPropertiesSet$0(SpringLiquibase.java:275) ~[liquibase-core-4.31.1.jar:na]
	... 27 common frames omitted
Caused by: java.net.ConnectException: Connection refused: getsockopt
	at java.base/sun.nio.ch.Net.pollConnect(Native Method) ~[na:na]
	at java.base/sun.nio.ch.Net.pollConnectNow(Net.java:639) ~[na:na]
	at java.base/sun.nio.ch.NioSocketImpl.timedFinishConnect(NioSocketImpl.java:543) ~[na:na]
	at java.base/sun.nio.ch.NioSocketImpl.connect(NioSocketImpl.java:594) ~[na:na]
	at java.base/java.net.SocksSocketImpl.connect(SocksSocketImpl.java:284) ~[na:na]
	at java.base/java.net.Socket.connect(Socket.java:659) ~[na:na]
	at org.postgresql.core.PGStream.createSocket(PGStream.java:261) ~[postgresql-42.7.10.jar:42.7.10]
	at org.postgresql.core.PGStream.<init>(PGStream.java:122) ~[postgresql-42.7.10.jar:42.7.10]
	at org.postgresql.core.v3.ConnectionFactoryImpl.tryConnect(ConnectionFactoryImpl.java:146) ~[postgresql-42.7.10.jar:42.7.10]
	at org.postgresql.core.v3.ConnectionFactoryImpl.openConnectionImpl(ConnectionFactoryImpl.java:289) ~[postgresql-42.7.10.jar:42.7.10]
	... 39 common frames omitted

2026-05-14T19:10:17.987+03:00  INFO 10856 --- [movie-platform] [restartedMain] c.i.p.m.MoviePlatformApplication         : Starting MoviePlatformApplication using Java 25 with PID 10856 (D:\projects\movie-platform\target\classes started by Ivan in D:\projects\movie-platform)
2026-05-14T19:10:17.989+03:00 DEBUG 10856 --- [movie-platform] [restartedMain] c.i.p.m.MoviePlatformApplication         : Running with Spring Boot v3.5.13, Spring v6.2.17
2026-05-14T19:10:17.990+03:00  INFO 10856 --- [movie-platform] [restartedMain] c.i.p.m.MoviePlatformApplication         : The following 1 profile is active: "local"
2026-05-14T19:10:18.067+03:00  INFO 10856 --- [movie-platform] [restartedMain] .e.DevToolsPropertyDefaultsPostProcessor : Devtools property defaults active! Set 'spring.devtools.add-properties' to 'false' to disable
2026-05-14T19:10:18.067+03:00  INFO 10856 --- [movie-platform] [restartedMain] .e.DevToolsPropertyDefaultsPostProcessor : For additional web related logging consider setting the 'logging.level.web' property to 'DEBUG'
2026-05-14T19:10:19.507+03:00  INFO 10856 --- [movie-platform] [restartedMain] .s.d.r.c.RepositoryConfigurationDelegate : Bootstrapping Spring Data JPA repositories in DEFAULT mode.
2026-05-14T19:10:19.747+03:00  INFO 10856 --- [movie-platform] [restartedMain] .s.d.r.c.RepositoryConfigurationDelegate : Finished Spring Data repository scanning in 227 ms. Found 4 JPA repository interfaces.
2026-05-14T19:10:20.751+03:00  INFO 10856 --- [movie-platform] [restartedMain] o.s.b.w.embedded.tomcat.TomcatWebServer  : Tomcat initialized with port 8081 (http)
2026-05-14T19:10:20.771+03:00  INFO 10856 --- [movie-platform] [restartedMain] o.apache.catalina.core.StandardService   : Starting service [Tomcat]
2026-05-14T19:10:20.772+03:00  INFO 10856 --- [movie-platform] [restartedMain] o.apache.catalina.core.StandardEngine    : Starting Servlet engine: [Apache Tomcat/10.1.53]
2026-05-14T19:10:20.863+03:00  INFO 10856 --- [movie-platform] [restartedMain] o.a.c.c.C.[Tomcat].[localhost].[/]       : Initializing Spring embedded WebApplicationContext
2026-05-14T19:10:20.864+03:00  INFO 10856 --- [movie-platform] [restartedMain] w.s.c.ServletWebServerApplicationContext : Root WebApplicationContext: initialization completed in 2796 ms
2026-05-14T19:10:21.127+03:00  INFO 10856 --- [movie-platform] [restartedMain] com.zaxxer.hikari.HikariDataSource       : HikariPool-1 - Starting...
2026-05-14T19:10:22.201+03:00  WARN 10856 --- [movie-platform] [restartedMain] ConfigServletWebServerApplicationContext : Exception encountered during context initialization - cancelling refresh attempt: org.springframework.beans.factory.BeanCreationException: Error creating bean with name 'entityManagerFactory' defined in class path resource [org/springframework/boot/autoconfigure/orm/jpa/HibernateJpaConfiguration.class]: Failed to initialize dependency 'liquibase' of LoadTimeWeaverAware bean 'entityManagerFactory': Error creating bean with name 'liquibase' defined in class path resource [org/springframework/boot/autoconfigure/liquibase/LiquibaseAutoConfiguration$LiquibaseConfiguration.class]: liquibase.exception.DatabaseException: org.postgresql.util.PSQLException: Connection to localhost:5432 refused. Check that the hostname and port are correct and that the postmaster is accepting TCP/IP connections.
2026-05-14T19:10:22.206+03:00  INFO 10856 --- [movie-platform] [restartedMain] o.apache.catalina.core.StandardService   : Stopping service [Tomcat]
2026-05-14T19:10:22.229+03:00  INFO 10856 --- [movie-platform] [restartedMain] .s.b.a.l.ConditionEvaluationReportLogger : 

Error starting ApplicationContext. To display the condition evaluation report re-run your application with 'debug' enabled.
2026-05-14T19:10:22.257+03:00 ERROR 10856 --- [movie-platform] [restartedMain] o.s.boot.SpringApplication               : Application run failed

org.springframework.beans.factory.BeanCreationException: Error creating bean with name 'entityManagerFactory' defined in class path resource [org/springframework/boot/autoconfigure/orm/jpa/HibernateJpaConfiguration.class]: Failed to initialize dependency 'liquibase' of LoadTimeWeaverAware bean 'entityManagerFactory': Error creating bean with name 'liquibase' defined in class path resource [org/springframework/boot/autoconfigure/liquibase/LiquibaseAutoConfiguration$LiquibaseConfiguration.class]: liquibase.exception.DatabaseException: org.postgresql.util.PSQLException: Connection to localhost:5432 refused. Check that the hostname and port are correct and that the postmaster is accepting TCP/IP connections.
	at org.springframework.beans.factory.support.AbstractBeanFactory.doGetBean(AbstractBeanFactory.java:328) ~[spring-beans-6.2.17.jar:6.2.17]
	at org.springframework.beans.factory.support.AbstractBeanFactory.getBean(AbstractBeanFactory.java:207) ~[spring-beans-6.2.17.jar:6.2.17]
	at org.springframework.context.support.AbstractApplicationContext.finishBeanFactoryInitialization(AbstractApplicationContext.java:974) ~[spring-context-6.2.17.jar:6.2.17]
	at org.springframework.context.support.AbstractApplicationContext.refresh(AbstractApplicationContext.java:628) ~[spring-context-6.2.17.jar:6.2.17]
	at org.springframework.boot.web.servlet.context.ServletWebServerApplicationContext.refresh(ServletWebServerApplicationContext.java:146) ~[spring-boot-3.5.13.jar:3.5.13]
	at org.springframework.boot.SpringApplication.refresh(SpringApplication.java:752) ~[spring-boot-3.5.13.jar:3.5.13]
	at org.springframework.boot.SpringApplication.refreshContext(SpringApplication.java:439) ~[spring-boot-3.5.13.jar:3.5.13]
	at org.springframework.boot.SpringApplication.run(SpringApplication.java:318) ~[spring-boot-3.5.13.jar:3.5.13]
	at org.springframework.boot.SpringApplication.run(SpringApplication.java:1361) ~[spring-boot-3.5.13.jar:3.5.13]
	at org.springframework.boot.SpringApplication.run(SpringApplication.java:1350) ~[spring-boot-3.5.13.jar:3.5.13]
	at com.ivan.projects.movieplatform.MoviePlatformApplication.main(MoviePlatformApplication.java:11) ~[classes/:na]
	at java.base/jdk.internal.reflect.DirectMethodHandleAccessor.invoke(DirectMethodHandleAccessor.java:104) ~[na:na]
	at java.base/java.lang.reflect.Method.invoke(Method.java:565) ~[na:na]
	at org.springframework.boot.devtools.restart.RestartLauncher.run(RestartLauncher.java:50) ~[spring-boot-devtools-3.5.13.jar:3.5.13]
Caused by: org.springframework.beans.factory.BeanCreationException: Error creating bean with name 'liquibase' defined in class path resource [org/springframework/boot/autoconfigure/liquibase/LiquibaseAutoConfiguration$LiquibaseConfiguration.class]: liquibase.exception.DatabaseException: org.postgresql.util.PSQLException: Connection to localhost:5432 refused. Check that the hostname and port are correct and that the postmaster is accepting TCP/IP connections.
	at org.springframework.beans.factory.support.AbstractAutowireCapableBeanFactory.initializeBean(AbstractAutowireCapableBeanFactory.java:1826) ~[spring-beans-6.2.17.jar:6.2.17]
	at org.springframework.beans.factory.support.AbstractAutowireCapableBeanFactory.doCreateBean(AbstractAutowireCapableBeanFactory.java:607) ~[spring-beans-6.2.17.jar:6.2.17]
	at org.springframework.beans.factory.support.AbstractAutowireCapableBeanFactory.createBean(AbstractAutowireCapableBeanFactory.java:529) ~[spring-beans-6.2.17.jar:6.2.17]
	at org.springframework.beans.factory.support.AbstractBeanFactory.lambda$doGetBean$0(AbstractBeanFactory.java:339) ~[spring-beans-6.2.17.jar:6.2.17]
	at org.springframework.beans.factory.support.DefaultSingletonBeanRegistry.getSingleton(DefaultSingletonBeanRegistry.java:373) ~[spring-beans-6.2.17.jar:6.2.17]
	at org.springframework.beans.factory.support.AbstractBeanFactory.doGetBean(AbstractBeanFactory.java:337) ~[spring-beans-6.2.17.jar:6.2.17]
	at org.springframework.beans.factory.support.AbstractBeanFactory.getBean(AbstractBeanFactory.java:202) ~[spring-beans-6.2.17.jar:6.2.17]
	at org.springframework.beans.factory.support.AbstractBeanFactory.doGetBean(AbstractBeanFactory.java:315) ~[spring-beans-6.2.17.jar:6.2.17]
	... 13 common frames omitted
Caused by: liquibase.exception.LiquibaseException: liquibase.exception.DatabaseException: org.postgresql.util.PSQLException: Connection to localhost:5432 refused. Check that the hostname and port are correct and that the postmaster is accepting TCP/IP connections.
	at liquibase.integration.spring.SpringLiquibase.afterPropertiesSet(SpringLiquibase.java:288) ~[liquibase-core-4.31.1.jar:na]
	at org.springframework.beans.factory.support.AbstractAutowireCapableBeanFactory.invokeInitMethods(AbstractAutowireCapableBeanFactory.java:1873) ~[spring-beans-6.2.17.jar:6.2.17]
	at org.springframework.beans.factory.support.AbstractAutowireCapableBeanFactory.initializeBean(AbstractAutowireCapableBeanFactory.java:1822) ~[spring-beans-6.2.17.jar:6.2.17]
	... 20 common frames omitted
Caused by: liquibase.exception.DatabaseException: org.postgresql.util.PSQLException: Connection to localhost:5432 refused. Check that the hostname and port are correct and that the postmaster is accepting TCP/IP connections.
	at liquibase.integration.spring.SpringLiquibase.lambda$afterPropertiesSet$0(SpringLiquibase.java:280) ~[liquibase-core-4.31.1.jar:na]
	at liquibase.Scope.lambda$child$0(Scope.java:201) ~[liquibase-core-4.31.1.jar:na]
	at liquibase.Scope.child(Scope.java:210) ~[liquibase-core-4.31.1.jar:na]
	at liquibase.Scope.child(Scope.java:200) ~[liquibase-core-4.31.1.jar:na]
	at liquibase.Scope.child(Scope.java:179) ~[liquibase-core-4.31.1.jar:na]
	at liquibase.integration.spring.SpringLiquibase.afterPropertiesSet(SpringLiquibase.java:271) ~[liquibase-core-4.31.1.jar:na]
	... 22 common frames omitted
Caused by: org.postgresql.util.PSQLException: Connection to localhost:5432 refused. Check that the hostname and port are correct and that the postmaster is accepting TCP/IP connections.
	at org.postgresql.core.v3.ConnectionFactoryImpl.openConnectionImpl(ConnectionFactoryImpl.java:373) ~[postgresql-42.7.10.jar:42.7.10]
	at org.postgresql.core.ConnectionFactory.openConnection(ConnectionFactory.java:57) ~[postgresql-42.7.10.jar:42.7.10]
	at org.postgresql.jdbc.PgConnection.<init>(PgConnection.java:290) ~[postgresql-42.7.10.jar:42.7.10]
	at org.postgresql.Driver.makeConnection(Driver.java:448) ~[postgresql-42.7.10.jar:42.7.10]
	at org.postgresql.Driver.connect(Driver.java:298) ~[postgresql-42.7.10.jar:42.7.10]
	at com.zaxxer.hikari.util.DriverDataSource.getConnection(DriverDataSource.java:144) ~[HikariCP-6.3.3.jar:na]
	at com.zaxxer.hikari.pool.PoolBase.newConnection(PoolBase.java:370) ~[HikariCP-6.3.3.jar:na]
	at com.zaxxer.hikari.pool.PoolBase.newPoolEntry(PoolBase.java:207) ~[HikariCP-6.3.3.jar:na]
	at com.zaxxer.hikari.pool.HikariPool.createPoolEntry(HikariPool.java:488) ~[HikariCP-6.3.3.jar:na]
	at com.zaxxer.hikari.pool.HikariPool.checkFailFast(HikariPool.java:576) ~[HikariCP-6.3.3.jar:na]
	at com.zaxxer.hikari.pool.HikariPool.<init>(HikariPool.java:97) ~[HikariCP-6.3.3.jar:na]
	at com.zaxxer.hikari.HikariDataSource.getConnection(HikariDataSource.java:111) ~[HikariCP-6.3.3.jar:na]
	at liquibase.integration.spring.SpringLiquibase.lambda$afterPropertiesSet$0(SpringLiquibase.java:275) ~[liquibase-core-4.31.1.jar:na]
	... 27 common frames omitted
Caused by: java.net.ConnectException: Connection refused: getsockopt
	at java.base/sun.nio.ch.Net.pollConnect(Native Method) ~[na:na]
	at java.base/sun.nio.ch.Net.pollConnectNow(Net.java:639) ~[na:na]
	at java.base/sun.nio.ch.NioSocketImpl.timedFinishConnect(NioSocketImpl.java:543) ~[na:na]
	at java.base/sun.nio.ch.NioSocketImpl.connect(NioSocketImpl.java:594) ~[na:na]
	at java.base/java.net.SocksSocketImpl.connect(SocksSocketImpl.java:284) ~[na:na]
	at java.base/java.net.Socket.connect(Socket.java:659) ~[na:na]
	at org.postgresql.core.PGStream.createSocket(PGStream.java:261) ~[postgresql-42.7.10.jar:42.7.10]
	at org.postgresql.core.PGStream.<init>(PGStream.java:122) ~[postgresql-42.7.10.jar:42.7.10]
	at org.postgresql.core.v3.ConnectionFactoryImpl.tryConnect(ConnectionFactoryImpl.java:146) ~[postgresql-42.7.10.jar:42.7.10]
	at org.postgresql.core.v3.ConnectionFactoryImpl.openConnectionImpl(ConnectionFactoryImpl.java:289) ~[postgresql-42.7.10.jar:42.7.10]
	... 39 common frames omitted

2026-05-14T19:12:43.698+03:00  INFO 2880 --- [movie-platform] [restartedMain] c.i.p.m.MoviePlatformApplication         : Starting MoviePlatformApplication using Java 25 with PID 2880 (D:\projects\movie-platform\target\classes started by Ivan in D:\projects\movie-platform)
2026-05-14T19:12:43.699+03:00 DEBUG 2880 --- [movie-platform] [restartedMain] c.i.p.m.MoviePlatformApplication         : Running with Spring Boot v3.5.13, Spring v6.2.17
2026-05-14T19:12:43.699+03:00  INFO 2880 --- [movie-platform] [restartedMain] c.i.p.m.MoviePlatformApplication         : The following 1 profile is active: "local"
2026-05-14T19:12:43.739+03:00  INFO 2880 --- [movie-platform] [restartedMain] .e.DevToolsPropertyDefaultsPostProcessor : Devtools property defaults active! Set 'spring.devtools.add-properties' to 'false' to disable
2026-05-14T19:12:43.740+03:00  INFO 2880 --- [movie-platform] [restartedMain] .e.DevToolsPropertyDefaultsPostProcessor : For additional web related logging consider setting the 'logging.level.web' property to 'DEBUG'
2026-05-14T19:12:44.622+03:00  INFO 2880 --- [movie-platform] [restartedMain] .s.d.r.c.RepositoryConfigurationDelegate : Bootstrapping Spring Data JPA repositories in DEFAULT mode.
2026-05-14T19:12:44.768+03:00  INFO 2880 --- [movie-platform] [restartedMain] .s.d.r.c.RepositoryConfigurationDelegate : Finished Spring Data repository scanning in 138 ms. Found 4 JPA repository interfaces.
2026-05-14T19:12:45.255+03:00  INFO 2880 --- [movie-platform] [restartedMain] o.s.b.w.embedded.tomcat.TomcatWebServer  : Tomcat initialized with port 8081 (http)
2026-05-14T19:12:45.267+03:00  INFO 2880 --- [movie-platform] [restartedMain] o.apache.catalina.core.StandardService   : Starting service [Tomcat]
2026-05-14T19:12:45.268+03:00  INFO 2880 --- [movie-platform] [restartedMain] o.apache.catalina.core.StandardEngine    : Starting Servlet engine: [Apache Tomcat/10.1.53]
2026-05-14T19:12:45.312+03:00  INFO 2880 --- [movie-platform] [restartedMain] o.a.c.c.C.[Tomcat].[localhost].[/]       : Initializing Spring embedded WebApplicationContext
2026-05-14T19:12:45.313+03:00  INFO 2880 --- [movie-platform] [restartedMain] w.s.c.ServletWebServerApplicationContext : Root WebApplicationContext: initialization completed in 1573 ms
2026-05-14T19:12:45.442+03:00  INFO 2880 --- [movie-platform] [restartedMain] com.zaxxer.hikari.HikariDataSource       : HikariPool-1 - Starting...
2026-05-14T19:12:45.539+03:00  INFO 2880 --- [movie-platform] [restartedMain] com.zaxxer.hikari.pool.HikariPool        : HikariPool-1 - Added connection org.postgresql.jdbc.PgConnection@7282bf1a
2026-05-14T19:12:45.540+03:00  INFO 2880 --- [movie-platform] [restartedMain] com.zaxxer.hikari.HikariDataSource       : HikariPool-1 - Start completed.
2026-05-14T19:12:45.658+03:00  INFO 2880 --- [movie-platform] [restartedMain] liquibase.database                       : Set default schema name to public
2026-05-14T19:12:45.880+03:00  INFO 2880 --- [movie-platform] [restartedMain] liquibase.changelog                      : Reading from public.databasechangelog
2026-05-14T19:12:45.928+03:00  INFO 2880 --- [movie-platform] [restartedMain] liquibase.ui                             : Database is up to date, no changesets to execute
2026-05-14T19:12:45.930+03:00  INFO 2880 --- [movie-platform] [restartedMain] liquibase.changelog                      : Reading from public.databasechangelog
2026-05-14T19:12:45.939+03:00  INFO 2880 --- [movie-platform] [restartedMain] liquibase.util                           : UPDATE SUMMARY
2026-05-14T19:12:45.939+03:00  INFO 2880 --- [movie-platform] [restartedMain] liquibase.util                           : Run:                          0
2026-05-14T19:12:45.939+03:00  INFO 2880 --- [movie-platform] [restartedMain] liquibase.util                           : Previously run:               4
2026-05-14T19:12:45.939+03:00  INFO 2880 --- [movie-platform] [restartedMain] liquibase.util                           : Filtered out:                 0
2026-05-14T19:12:45.939+03:00  INFO 2880 --- [movie-platform] [restartedMain] liquibase.util                           : -------------------------------
2026-05-14T19:12:45.939+03:00  INFO 2880 --- [movie-platform] [restartedMain] liquibase.util                           : Total change sets:            4
2026-05-14T19:12:45.940+03:00  INFO 2880 --- [movie-platform] [restartedMain] liquibase.util                           : Update summary generated
2026-05-14T19:12:45.941+03:00  INFO 2880 --- [movie-platform] [restartedMain] liquibase.command                        : Command execution complete
2026-05-14T19:12:46.714+03:00  INFO 2880 --- [movie-platform] [restartedMain] o.hibernate.jpa.internal.util.LogHelper  : HHH000204: Processing PersistenceUnitInfo [name: default]
2026-05-14T19:12:46.767+03:00  INFO 2880 --- [movie-platform] [restartedMain] org.hibernate.Version                    : HHH000412: Hibernate ORM core version 6.6.45.Final
2026-05-14T19:12:46.798+03:00  INFO 2880 --- [movie-platform] [restartedMain] o.h.c.internal.RegionFactoryInitiator    : HHH000026: Second-level cache disabled
2026-05-14T19:12:47.042+03:00  INFO 2880 --- [movie-platform] [restartedMain] o.s.o.j.p.SpringPersistenceUnitInfo      : No LoadTimeWeaver setup: ignoring JPA class transformer
2026-05-14T19:12:47.085+03:00  WARN 2880 --- [movie-platform] [restartedMain] org.hibernate.orm.deprecation            : HHH90000025: PostgreSQLDialect does not need to be specified explicitly using 'hibernate.dialect' (remove the property setting and it will be selected by default)
2026-05-14T19:12:47.099+03:00  INFO 2880 --- [movie-platform] [restartedMain] org.hibernate.orm.connections.pooling    : HHH10001005: Database info:
	Database JDBC URL [Connecting through datasource 'HikariDataSource (HikariPool-1)']
	Database driver: undefined/unknown
	Database version: 13.23
	Autocommit mode: undefined/unknown
	Isolation level: undefined/unknown
	Minimum pool size: undefined/unknown
	Maximum pool size: undefined/unknown
2026-05-14T19:12:47.859+03:00  INFO 2880 --- [movie-platform] [restartedMain] o.h.e.t.j.p.i.JtaPlatformInitiator       : HHH000489: No JTA platform available (set 'hibernate.transaction.jta.platform' to enable JTA platform integration)
2026-05-14T19:12:47.862+03:00  INFO 2880 --- [movie-platform] [restartedMain] j.LocalContainerEntityManagerFactoryBean : Initialized JPA EntityManagerFactory for persistence unit 'default'
2026-05-14T19:12:48.121+03:00  INFO 2880 --- [movie-platform] [restartedMain] o.s.d.j.r.query.QueryEnhancerFactory     : Hibernate is in classpath; If applicable, HQL parser will be used.
2026-05-14T19:12:49.013+03:00  WARN 2880 --- [movie-platform] [restartedMain] JpaBaseConfiguration$JpaWebConfiguration : spring.jpa.open-in-view is enabled by default. Therefore, database queries may be performed during view rendering. Explicitly configure spring.jpa.open-in-view to disable this warning
2026-05-14T19:12:49.143+03:00  INFO 2880 --- [movie-platform] [restartedMain] r$InitializeUserDetailsManagerConfigurer : Global AuthenticationManager configured with UserDetailsService bean with name userDetailsServiceImpl
2026-05-14T19:12:49.458+03:00  INFO 2880 --- [movie-platform] [restartedMain] o.s.b.a.h2.H2ConsoleAutoConfiguration    : H2 console available at '/h2-console'. Database available at 'jdbc:postgresql://localhost:5432/moviedb'
2026-05-14T19:12:49.495+03:00  INFO 2880 --- [movie-platform] [restartedMain] o.s.b.d.a.OptionalLiveReloadServer       : LiveReload server is running on port 35729
2026-05-14T19:12:49.524+03:00  WARN 2880 --- [movie-platform] [restartedMain] ConfigServletWebServerApplicationContext : Exception encountered during context initialization - cancelling refresh attempt: org.springframework.context.ApplicationContextException: Failed to start bean 'webServerStartStop'
2026-05-14T19:12:49.529+03:00  INFO 2880 --- [movie-platform] [restartedMain] j.LocalContainerEntityManagerFactoryBean : Closing JPA EntityManagerFactory for persistence unit 'default'
2026-05-14T19:12:49.532+03:00  INFO 2880 --- [movie-platform] [restartedMain] com.zaxxer.hikari.HikariDataSource       : HikariPool-1 - Shutdown initiated...
2026-05-14T19:12:49.534+03:00  INFO 2880 --- [movie-platform] [restartedMain] com.zaxxer.hikari.HikariDataSource       : HikariPool-1 - Shutdown completed.
2026-05-14T19:12:49.548+03:00  INFO 2880 --- [movie-platform] [restartedMain] .s.b.a.l.ConditionEvaluationReportLogger : 

Error starting ApplicationContext. To display the condition evaluation report re-run your application with 'debug' enabled.
2026-05-14T19:12:49.563+03:00 ERROR 2880 --- [movie-platform] [restartedMain] o.s.b.d.LoggingFailureAnalysisReporter   : 

***************************
APPLICATION FAILED TO START
***************************

Description:

Web server failed to start. Port 8081 was already in use.

Action:

Identify and stop the process that's listening on port 8081 or configure this application to listen on another port.

2026-05-14T19:16:55.050+03:00  INFO 7060 --- [movie-platform] [restartedMain] c.i.p.m.MoviePlatformApplication         : Starting MoviePlatformApplication using Java 25 with PID 7060 (D:\projects\movie-platform\target\classes started by Ivan in D:\projects\movie-platform)
2026-05-14T19:16:55.053+03:00 DEBUG 7060 --- [movie-platform] [restartedMain] c.i.p.m.MoviePlatformApplication         : Running with Spring Boot v3.5.13, Spring v6.2.17
2026-05-14T19:16:55.054+03:00  INFO 7060 --- [movie-platform] [restartedMain] c.i.p.m.MoviePlatformApplication         : The following 1 profile is active: "local"
2026-05-14T19:16:55.123+03:00  INFO 7060 --- [movie-platform] [restartedMain] .e.DevToolsPropertyDefaultsPostProcessor : Devtools property defaults active! Set 'spring.devtools.add-properties' to 'false' to disable
2026-05-14T19:16:55.123+03:00  INFO 7060 --- [movie-platform] [restartedMain] .e.DevToolsPropertyDefaultsPostProcessor : For additional web related logging consider setting the 'logging.level.web' property to 'DEBUG'
2026-05-14T19:16:56.474+03:00  INFO 7060 --- [movie-platform] [restartedMain] .s.d.r.c.RepositoryConfigurationDelegate : Bootstrapping Spring Data JPA repositories in DEFAULT mode.
2026-05-14T19:16:56.690+03:00  INFO 7060 --- [movie-platform] [restartedMain] .s.d.r.c.RepositoryConfigurationDelegate : Finished Spring Data repository scanning in 204 ms. Found 4 JPA repository interfaces.
2026-05-14T19:16:57.505+03:00  INFO 7060 --- [movie-platform] [restartedMain] o.s.b.w.embedded.tomcat.TomcatWebServer  : Tomcat initialized with port 8081 (http)
2026-05-14T19:16:57.525+03:00  INFO 7060 --- [movie-platform] [restartedMain] o.apache.catalina.core.StandardService   : Starting service [Tomcat]
2026-05-14T19:16:57.526+03:00  INFO 7060 --- [movie-platform] [restartedMain] o.apache.catalina.core.StandardEngine    : Starting Servlet engine: [Apache Tomcat/10.1.53]
2026-05-14T19:16:57.605+03:00  INFO 7060 --- [movie-platform] [restartedMain] o.a.c.c.C.[Tomcat].[localhost].[/]       : Initializing Spring embedded WebApplicationContext
2026-05-14T19:16:57.606+03:00  INFO 7060 --- [movie-platform] [restartedMain] w.s.c.ServletWebServerApplicationContext : Root WebApplicationContext: initialization completed in 2482 ms
2026-05-14T19:16:57.827+03:00  INFO 7060 --- [movie-platform] [restartedMain] com.zaxxer.hikari.HikariDataSource       : HikariPool-1 - Starting...
2026-05-14T19:16:57.979+03:00  INFO 7060 --- [movie-platform] [restartedMain] com.zaxxer.hikari.pool.HikariPool        : HikariPool-1 - Added connection org.postgresql.jdbc.PgConnection@57b2ecc9
2026-05-14T19:16:57.981+03:00  INFO 7060 --- [movie-platform] [restartedMain] com.zaxxer.hikari.HikariDataSource       : HikariPool-1 - Start completed.
2026-05-14T19:16:58.199+03:00  INFO 7060 --- [movie-platform] [restartedMain] liquibase.database                       : Set default schema name to public
2026-05-14T19:16:58.566+03:00  INFO 7060 --- [movie-platform] [restartedMain] liquibase.changelog                      : Reading from public.databasechangelog
2026-05-14T19:16:58.648+03:00  INFO 7060 --- [movie-platform] [restartedMain] liquibase.ui                             : Database is up to date, no changesets to execute
2026-05-14T19:16:58.652+03:00  INFO 7060 --- [movie-platform] [restartedMain] liquibase.changelog                      : Reading from public.databasechangelog
2026-05-14T19:16:58.666+03:00  INFO 7060 --- [movie-platform] [restartedMain] liquibase.util                           : UPDATE SUMMARY
2026-05-14T19:16:58.666+03:00  INFO 7060 --- [movie-platform] [restartedMain] liquibase.util                           : Run:                          0
2026-05-14T19:16:58.666+03:00  INFO 7060 --- [movie-platform] [restartedMain] liquibase.util                           : Previously run:               4
2026-05-14T19:16:58.667+03:00  INFO 7060 --- [movie-platform] [restartedMain] liquibase.util                           : Filtered out:                 0
2026-05-14T19:16:58.667+03:00  INFO 7060 --- [movie-platform] [restartedMain] liquibase.util                           : -------------------------------
2026-05-14T19:16:58.667+03:00  INFO 7060 --- [movie-platform] [restartedMain] liquibase.util                           : Total change sets:            4
2026-05-14T19:16:58.668+03:00  INFO 7060 --- [movie-platform] [restartedMain] liquibase.util                           : Update summary generated
2026-05-14T19:16:58.670+03:00  INFO 7060 --- [movie-platform] [restartedMain] liquibase.command                        : Command execution complete
2026-05-14T19:16:59.750+03:00  INFO 7060 --- [movie-platform] [restartedMain] o.hibernate.jpa.internal.util.LogHelper  : HHH000204: Processing PersistenceUnitInfo [name: default]
2026-05-14T19:16:59.814+03:00  INFO 7060 --- [movie-platform] [restartedMain] org.hibernate.Version                    : HHH000412: Hibernate ORM core version 6.6.45.Final
2026-05-14T19:16:59.858+03:00  INFO 7060 --- [movie-platform] [restartedMain] o.h.c.internal.RegionFactoryInitiator    : HHH000026: Second-level cache disabled
2026-05-14T19:17:00.238+03:00  INFO 7060 --- [movie-platform] [restartedMain] o.s.o.j.p.SpringPersistenceUnitInfo      : No LoadTimeWeaver setup: ignoring JPA class transformer
2026-05-14T19:17:00.311+03:00  WARN 7060 --- [movie-platform] [restartedMain] org.hibernate.orm.deprecation            : HHH90000025: PostgreSQLDialect does not need to be specified explicitly using 'hibernate.dialect' (remove the property setting and it will be selected by default)
2026-05-14T19:17:00.334+03:00  INFO 7060 --- [movie-platform] [restartedMain] org.hibernate.orm.connections.pooling    : HHH10001005: Database info:
	Database JDBC URL [Connecting through datasource 'HikariDataSource (HikariPool-1)']
	Database driver: undefined/unknown
	Database version: 13.23
	Autocommit mode: undefined/unknown
	Isolation level: undefined/unknown
	Minimum pool size: undefined/unknown
	Maximum pool size: undefined/unknown
2026-05-14T19:17:01.640+03:00  INFO 7060 --- [movie-platform] [restartedMain] o.h.e.t.j.p.i.JtaPlatformInitiator       : HHH000489: No JTA platform available (set 'hibernate.transaction.jta.platform' to enable JTA platform integration)
2026-05-14T19:17:01.645+03:00  INFO 7060 --- [movie-platform] [restartedMain] j.LocalContainerEntityManagerFactoryBean : Initialized JPA EntityManagerFactory for persistence unit 'default'
2026-05-14T19:17:02.087+03:00  INFO 7060 --- [movie-platform] [restartedMain] o.s.d.j.r.query.QueryEnhancerFactory     : Hibernate is in classpath; If applicable, HQL parser will be used.
2026-05-14T19:17:03.671+03:00  WARN 7060 --- [movie-platform] [restartedMain] JpaBaseConfiguration$JpaWebConfiguration : spring.jpa.open-in-view is enabled by default. Therefore, database queries may be performed during view rendering. Explicitly configure spring.jpa.open-in-view to disable this warning
2026-05-14T19:17:03.915+03:00  INFO 7060 --- [movie-platform] [restartedMain] r$InitializeUserDetailsManagerConfigurer : Global AuthenticationManager configured with UserDetailsService bean with name userDetailsServiceImpl
2026-05-14T19:17:04.491+03:00  INFO 7060 --- [movie-platform] [restartedMain] o.s.b.a.h2.H2ConsoleAutoConfiguration    : H2 console available at '/h2-console'. Database available at 'jdbc:postgresql://localhost:5432/moviedb'
2026-05-14T19:17:04.551+03:00  INFO 7060 --- [movie-platform] [restartedMain] o.s.b.d.a.OptionalLiveReloadServer       : LiveReload server is running on port 35729
2026-05-14T19:17:04.603+03:00  WARN 7060 --- [movie-platform] [restartedMain] ConfigServletWebServerApplicationContext : Exception encountered during context initialization - cancelling refresh attempt: org.springframework.context.ApplicationContextException: Failed to start bean 'webServerStartStop'
2026-05-14T19:17:04.613+03:00  INFO 7060 --- [movie-platform] [restartedMain] j.LocalContainerEntityManagerFactoryBean : Closing JPA EntityManagerFactory for persistence unit 'default'
2026-05-14T19:17:04.618+03:00  INFO 7060 --- [movie-platform] [restartedMain] com.zaxxer.hikari.HikariDataSource       : HikariPool-1 - Shutdown initiated...
2026-05-14T19:17:04.624+03:00  INFO 7060 --- [movie-platform] [restartedMain] com.zaxxer.hikari.HikariDataSource       : HikariPool-1 - Shutdown completed.
2026-05-14T19:17:04.649+03:00  INFO 7060 --- [movie-platform] [restartedMain] .s.b.a.l.ConditionEvaluationReportLogger : 

Error starting ApplicationContext. To display the condition evaluation report re-run your application with 'debug' enabled.
2026-05-14T19:17:04.676+03:00 ERROR 7060 --- [movie-platform] [restartedMain] o.s.b.d.LoggingFailureAnalysisReporter   : 

***************************
APPLICATION FAILED TO START
***************************

Description:

Web server failed to start. Port 8081 was already in use.

Action:

Identify and stop the process that's listening on port 8081 or configure this application to listen on another port.

2026-05-14T19:18:21.247+03:00  INFO 20268 --- [movie-platform] [restartedMain] c.i.p.m.MoviePlatformApplication         : Starting MoviePlatformApplication using Java 25 with PID 20268 (D:\projects\movie-platform\target\classes started by Ivan in D:\projects\movie-platform)
2026-05-14T19:18:21.250+03:00 DEBUG 20268 --- [movie-platform] [restartedMain] c.i.p.m.MoviePlatformApplication         : Running with Spring Boot v3.5.13, Spring v6.2.17
2026-05-14T19:18:21.251+03:00  INFO 20268 --- [movie-platform] [restartedMain] c.i.p.m.MoviePlatformApplication         : The following 1 profile is active: "local"
2026-05-14T19:18:21.315+03:00  INFO 20268 --- [movie-platform] [restartedMain] .e.DevToolsPropertyDefaultsPostProcessor : Devtools property defaults active! Set 'spring.devtools.add-properties' to 'false' to disable
2026-05-14T19:18:21.315+03:00  INFO 20268 --- [movie-platform] [restartedMain] .e.DevToolsPropertyDefaultsPostProcessor : For additional web related logging consider setting the 'logging.level.web' property to 'DEBUG'
2026-05-14T19:18:22.657+03:00  INFO 20268 --- [movie-platform] [restartedMain] .s.d.r.c.RepositoryConfigurationDelegate : Bootstrapping Spring Data JPA repositories in DEFAULT mode.
2026-05-14T19:18:22.882+03:00  INFO 20268 --- [movie-platform] [restartedMain] .s.d.r.c.RepositoryConfigurationDelegate : Finished Spring Data repository scanning in 206 ms. Found 4 JPA repository interfaces.
2026-05-14T19:18:23.662+03:00  INFO 20268 --- [movie-platform] [restartedMain] o.s.b.w.embedded.tomcat.TomcatWebServer  : Tomcat initialized with port 8081 (http)
2026-05-14T19:18:23.680+03:00  INFO 20268 --- [movie-platform] [restartedMain] o.apache.catalina.core.StandardService   : Starting service [Tomcat]
2026-05-14T19:18:23.681+03:00  INFO 20268 --- [movie-platform] [restartedMain] o.apache.catalina.core.StandardEngine    : Starting Servlet engine: [Apache Tomcat/10.1.53]
2026-05-14T19:18:23.765+03:00  INFO 20268 --- [movie-platform] [restartedMain] o.a.c.c.C.[Tomcat].[localhost].[/]       : Initializing Spring embedded WebApplicationContext
2026-05-14T19:18:23.766+03:00  INFO 20268 --- [movie-platform] [restartedMain] w.s.c.ServletWebServerApplicationContext : Root WebApplicationContext: initialization completed in 2450 ms
2026-05-14T19:18:23.981+03:00  INFO 20268 --- [movie-platform] [restartedMain] com.zaxxer.hikari.HikariDataSource       : HikariPool-1 - Starting...
2026-05-14T19:18:24.112+03:00  INFO 20268 --- [movie-platform] [restartedMain] com.zaxxer.hikari.pool.HikariPool        : HikariPool-1 - Added connection org.postgresql.jdbc.PgConnection@2aeb8498
2026-05-14T19:18:24.115+03:00  INFO 20268 --- [movie-platform] [restartedMain] com.zaxxer.hikari.HikariDataSource       : HikariPool-1 - Start completed.
2026-05-14T19:18:24.315+03:00  INFO 20268 --- [movie-platform] [restartedMain] liquibase.database                       : Set default schema name to public
2026-05-14T19:18:24.668+03:00  INFO 20268 --- [movie-platform] [restartedMain] liquibase.changelog                      : Reading from public.databasechangelog
2026-05-14T19:18:24.758+03:00  INFO 20268 --- [movie-platform] [restartedMain] liquibase.ui                             : Database is up to date, no changesets to execute
2026-05-14T19:18:24.763+03:00  INFO 20268 --- [movie-platform] [restartedMain] liquibase.changelog                      : Reading from public.databasechangelog
2026-05-14T19:18:24.778+03:00  INFO 20268 --- [movie-platform] [restartedMain] liquibase.util                           : UPDATE SUMMARY
2026-05-14T19:18:24.778+03:00  INFO 20268 --- [movie-platform] [restartedMain] liquibase.util                           : Run:                          0
2026-05-14T19:18:24.778+03:00  INFO 20268 --- [movie-platform] [restartedMain] liquibase.util                           : Previously run:               4
2026-05-14T19:18:24.778+03:00  INFO 20268 --- [movie-platform] [restartedMain] liquibase.util                           : Filtered out:                 0
2026-05-14T19:18:24.779+03:00  INFO 20268 --- [movie-platform] [restartedMain] liquibase.util                           : -------------------------------
2026-05-14T19:18:24.779+03:00  INFO 20268 --- [movie-platform] [restartedMain] liquibase.util                           : Total change sets:            4
2026-05-14T19:18:24.780+03:00  INFO 20268 --- [movie-platform] [restartedMain] liquibase.util                           : Update summary generated
2026-05-14T19:18:24.782+03:00  INFO 20268 --- [movie-platform] [restartedMain] liquibase.command                        : Command execution complete
2026-05-14T19:18:25.899+03:00  INFO 20268 --- [movie-platform] [restartedMain] o.hibernate.jpa.internal.util.LogHelper  : HHH000204: Processing PersistenceUnitInfo [name: default]
2026-05-14T19:18:25.963+03:00  INFO 20268 --- [movie-platform] [restartedMain] org.hibernate.Version                    : HHH000412: Hibernate ORM core version 6.6.45.Final
2026-05-14T19:18:26.009+03:00  INFO 20268 --- [movie-platform] [restartedMain] o.h.c.internal.RegionFactoryInitiator    : HHH000026: Second-level cache disabled
2026-05-14T19:18:26.362+03:00  INFO 20268 --- [movie-platform] [restartedMain] o.s.o.j.p.SpringPersistenceUnitInfo      : No LoadTimeWeaver setup: ignoring JPA class transformer
2026-05-14T19:18:26.427+03:00  WARN 20268 --- [movie-platform] [restartedMain] org.hibernate.orm.deprecation            : HHH90000025: PostgreSQLDialect does not need to be specified explicitly using 'hibernate.dialect' (remove the property setting and it will be selected by default)
2026-05-14T19:18:26.449+03:00  INFO 20268 --- [movie-platform] [restartedMain] org.hibernate.orm.connections.pooling    : HHH10001005: Database info:
	Database JDBC URL [Connecting through datasource 'HikariDataSource (HikariPool-1)']
	Database driver: undefined/unknown
	Database version: 13.23
	Autocommit mode: undefined/unknown
	Isolation level: undefined/unknown
	Minimum pool size: undefined/unknown
	Maximum pool size: undefined/unknown
2026-05-14T19:18:27.655+03:00  INFO 20268 --- [movie-platform] [restartedMain] o.h.e.t.j.p.i.JtaPlatformInitiator       : HHH000489: No JTA platform available (set 'hibernate.transaction.jta.platform' to enable JTA platform integration)
2026-05-14T19:18:27.659+03:00  INFO 20268 --- [movie-platform] [restartedMain] j.LocalContainerEntityManagerFactoryBean : Initialized JPA EntityManagerFactory for persistence unit 'default'
2026-05-14T19:18:28.083+03:00  INFO 20268 --- [movie-platform] [restartedMain] o.s.d.j.r.query.QueryEnhancerFactory     : Hibernate is in classpath; If applicable, HQL parser will be used.
2026-05-14T19:18:29.544+03:00  WARN 20268 --- [movie-platform] [restartedMain] JpaBaseConfiguration$JpaWebConfiguration : spring.jpa.open-in-view is enabled by default. Therefore, database queries may be performed during view rendering. Explicitly configure spring.jpa.open-in-view to disable this warning
2026-05-14T19:18:29.774+03:00  INFO 20268 --- [movie-platform] [restartedMain] r$InitializeUserDetailsManagerConfigurer : Global AuthenticationManager configured with UserDetailsService bean with name userDetailsServiceImpl
2026-05-14T19:18:30.328+03:00  INFO 20268 --- [movie-platform] [restartedMain] o.s.b.a.h2.H2ConsoleAutoConfiguration    : H2 console available at '/h2-console'. Database available at 'jdbc:postgresql://localhost:5432/moviedb'
2026-05-14T19:18:30.381+03:00  INFO 20268 --- [movie-platform] [restartedMain] o.s.b.d.a.OptionalLiveReloadServer       : LiveReload server is running on port 35729
2026-05-14T19:18:30.438+03:00  WARN 20268 --- [movie-platform] [restartedMain] ConfigServletWebServerApplicationContext : Exception encountered during context initialization - cancelling refresh attempt: org.springframework.context.ApplicationContextException: Failed to start bean 'webServerStartStop'
2026-05-14T19:18:30.449+03:00  INFO 20268 --- [movie-platform] [restartedMain] j.LocalContainerEntityManagerFactoryBean : Closing JPA EntityManagerFactory for persistence unit 'default'
2026-05-14T19:18:30.455+03:00  INFO 20268 --- [movie-platform] [restartedMain] com.zaxxer.hikari.HikariDataSource       : HikariPool-1 - Shutdown initiated...
2026-05-14T19:18:30.463+03:00  INFO 20268 --- [movie-platform] [restartedMain] com.zaxxer.hikari.HikariDataSource       : HikariPool-1 - Shutdown completed.
2026-05-14T19:18:30.490+03:00  INFO 20268 --- [movie-platform] [restartedMain] .s.b.a.l.ConditionEvaluationReportLogger : 

Error starting ApplicationContext. To display the condition evaluation report re-run your application with 'debug' enabled.
2026-05-14T19:18:30.518+03:00 ERROR 20268 --- [movie-platform] [restartedMain] o.s.b.d.LoggingFailureAnalysisReporter   : 

***************************
APPLICATION FAILED TO START
***************************

Description:

Web server failed to start. Port 8081 was already in use.

Action:

Identify and stop the process that's listening on port 8081 or configure this application to listen on another port.

2026-05-14T19:25:11.388+03:00  INFO 16020 --- [movie-platform] [restartedMain] c.i.p.m.MoviePlatformApplication         : Starting MoviePlatformApplication using Java 25 with PID 16020 (D:\projects\movie-platform\target\classes started by Ivan in D:\projects\movie-platform)
2026-05-14T19:25:11.391+03:00 DEBUG 16020 --- [movie-platform] [restartedMain] c.i.p.m.MoviePlatformApplication         : Running with Spring Boot v3.5.13, Spring v6.2.17
2026-05-14T19:25:11.392+03:00  INFO 16020 --- [movie-platform] [restartedMain] c.i.p.m.MoviePlatformApplication         : The following 1 profile is active: "local"
2026-05-14T19:25:17.660+03:00  WARN 16020 --- [movie-platform] [restartedMain] org.hibernate.orm.deprecation            : HHH90000025: PostgreSQLDialect does not need to be specified explicitly using 'hibernate.dialect' (remove the property setting and it will be selected by default)
2026-05-14T19:25:21.120+03:00  WARN 16020 --- [movie-platform] [restartedMain] JpaBaseConfiguration$JpaWebConfiguration : spring.jpa.open-in-view is enabled by default. Therefore, database queries may be performed during view rendering. Explicitly configure spring.jpa.open-in-view to disable this warning
2026-05-14T19:25:22.039+03:00  INFO 16020 --- [movie-platform] [restartedMain] c.i.p.m.MoviePlatformApplication         : Started MoviePlatformApplication in 11.528 seconds (process running for 12.582)
2026-05-14T19:26:36.089+03:00  WARN 16020 --- [movie-platform] [http-nio-8099-exec-9] .m.m.a.ExceptionHandlerExceptionResolver : Resolved [org.springframework.web.bind.MethodArgumentNotValidException: Validation failed for argument [0] in public void com.ivan.projects.movieplatform.controller.authentication.AuthenticationController.register(com.ivan.projects.movieplatform.dto.request.RegisterRequest): [Field error in object 'registerRequest' on field 'password': rejected value [meow]; codes [Size.registerRequest.password,Size.password,Size.java.lang.String,Size]; arguments [org.springframework.context.support.DefaultMessageSourceResolvable: codes [registerRequest.password,password]; arguments []; default message [password],50,8]; default message [password must be 8-50 characters]] ]
2026-05-14T19:28:57.895+03:00 DEBUG 16020 --- [movie-platform] [http-nio-8099-exec-8] c.i.p.movieplatform.service.TMDBService  : Fetching movie by id: 13778857
2026-05-14T19:28:58.385+03:00 ERROR 16020 --- [movie-platform] [http-nio-8099-exec-8] c.i.p.m.e.GlobalExceptionHandler         : Recommendation failed: Failed to fetch movie 13778857

com.ivan.projects.movieplatform.exception.MovieRecommendException: Failed to fetch movie 13778857
	at com.ivan.projects.movieplatform.service.recommendation.RecommendationService.fetchMovieById(RecommendationService.java:86) ~[classes/:na]
	at java.base/java.util.stream.ReferencePipeline$3$1.accept(ReferencePipeline.java:214) ~[na:na]
	at java.base/java.util.stream.ReferencePipeline$2$1.accept(ReferencePipeline.java:197) ~[na:na]
	at java.base/java.util.stream.ReferencePipeline$3$1.accept(ReferencePipeline.java:214) ~[na:na]
	at java.base/java.util.ArrayList$ArrayListSpliterator.forEachRemaining(ArrayList.java:1716) ~[na:na]
	at java.base/java.util.stream.AbstractPipeline.copyInto(AbstractPipeline.java:570) ~[na:na]
	at java.base/java.util.stream.AbstractPipeline.wrapAndCopyInto(AbstractPipeline.java:560) ~[na:na]
	at java.base/java.util.stream.AbstractPipeline.evaluate(AbstractPipeline.java:635) ~[na:na]
	at java.base/java.util.stream.AbstractPipeline.evaluateToArrayNode(AbstractPipeline.java:291) ~[na:na]
	at java.base/java.util.stream.ReferencePipeline.toArray(ReferencePipeline.java:652) ~[na:na]
	at java.base/java.util.stream.ReferencePipeline.toArray(ReferencePipeline.java:658) ~[na:na]
	at java.base/java.util.stream.ReferencePipeline.toList(ReferencePipeline.java:663) ~[na:na]
	at com.ivan.projects.movieplatform.service.recommendation.RecommendationService.getRecommendations(RecommendationService.java:79) ~[classes/:na]
	at com.ivan.projects.movieplatform.controller.recommendation.RecommendationController.recommend(RecommendationController.java:28) ~[classes/:na]
	at java.base/jdk.internal.reflect.DirectMethodHandleAccessor.invoke(DirectMethodHandleAccessor.java:104) ~[na:na]
	at java.base/java.lang.reflect.Method.invoke(Method.java:565) ~[na:na]
	at org.springframework.web.method.support.InvocableHandlerMethod.doInvoke(InvocableHandlerMethod.java:258) ~[spring-web-6.2.17.jar:6.2.17]
	at org.springframework.web.method.support.InvocableHandlerMethod.invokeForRequest(InvocableHandlerMethod.java:191) ~[spring-web-6.2.17.jar:6.2.17]
	at org.springframework.web.servlet.mvc.method.annotation.ServletInvocableHandlerMethod.invokeAndHandle(ServletInvocableHandlerMethod.java:118) ~[spring-webmvc-6.2.17.jar:6.2.17]
	at org.springframework.web.servlet.mvc.method.annotation.RequestMappingHandlerAdapter.invokeHandlerMethod(RequestMappingHandlerAdapter.java:991) ~[spring-webmvc-6.2.17.jar:6.2.17]
	at org.springframework.web.servlet.mvc.method.annotation.RequestMappingHandlerAdapter.handleInternal(RequestMappingHandlerAdapter.java:896) ~[spring-webmvc-6.2.17.jar:6.2.17]
	at org.springframework.web.servlet.mvc.method.AbstractHandlerMethodAdapter.handle(AbstractHandlerMethodAdapter.java:87) ~[spring-webmvc-6.2.17.jar:6.2.17]
	at org.springframework.web.servlet.DispatcherServlet.doDispatch(DispatcherServlet.java:1089) ~[spring-webmvc-6.2.17.jar:6.2.17]
	at org.springframework.web.servlet.DispatcherServlet.doService(DispatcherServlet.java:979) ~[spring-webmvc-6.2.17.jar:6.2.17]
	at org.springframework.web.servlet.FrameworkServlet.processRequest(FrameworkServlet.java:1014) ~[spring-webmvc-6.2.17.jar:6.2.17]
	at org.springframework.web.servlet.FrameworkServlet.doPost(FrameworkServlet.java:914) ~[spring-webmvc-6.2.17.jar:6.2.17]
	at jakarta.servlet.http.HttpServlet.service(HttpServlet.java:590) ~[tomcat-embed-core-10.1.53.jar:6.0]
	at org.springframework.web.servlet.FrameworkServlet.service(FrameworkServlet.java:885) ~[spring-webmvc-6.2.17.jar:6.2.17]
	at jakarta.servlet.http.HttpServlet.service(HttpServlet.java:658) ~[tomcat-embed-core-10.1.53.jar:6.0]
	at org.apache.catalina.core.ApplicationFilterChain.internalDoFilter(ApplicationFilterChain.java:193) ~[tomcat-embed-core-10.1.53.jar:10.1.53]
	at org.apache.catalina.core.ApplicationFilterChain.doFilter(ApplicationFilterChain.java:138) ~[tomcat-embed-core-10.1.53.jar:10.1.53]
	at org.apache.tomcat.websocket.server.WsFilter.doFilter(WsFilter.java:51) ~[tomcat-embed-websocket-10.1.53.jar:10.1.53]
	at org.apache.catalina.core.ApplicationFilterChain.internalDoFilter(ApplicationFilterChain.java:162) ~[tomcat-embed-core-10.1.53.jar:10.1.53]
	at org.apache.catalina.core.ApplicationFilterChain.doFilter(ApplicationFilterChain.java:138) ~[tomcat-embed-core-10.1.53.jar:10.1.53]
	at org.springframework.web.filter.CompositeFilter$VirtualFilterChain.doFilter(CompositeFilter.java:108) ~[spring-web-6.2.17.jar:6.2.17]
	at org.springframework.web.filter.CompositeFilter$VirtualFilterChain.doFilter(CompositeFilter.java:108) ~[spring-web-6.2.17.jar:6.2.17]
	at org.springframework.security.web.FilterChainProxy.lambda$doFilterInternal$3(FilterChainProxy.java:231) ~[spring-security-web-6.5.9.jar:6.5.9]
	at org.springframework.security.web.FilterChainProxy$VirtualFilterChain.doFilter(FilterChainProxy.java:365) ~[spring-security-web-6.5.9.jar:6.5.9]
	at org.springframework.security.web.access.intercept.AuthorizationFilter.doFilter(AuthorizationFilter.java:101) ~[spring-security-web-6.5.9.jar:6.5.9]
	at org.springframework.security.web.FilterChainProxy$VirtualFilterChain.doFilter(FilterChainProxy.java:374) ~[spring-security-web-6.5.9.jar:6.5.9]
	at org.springframework.security.web.access.ExceptionTranslationFilter.doFilter(ExceptionTranslationFilter.java:125) ~[spring-security-web-6.5.9.jar:6.5.9]
	at org.springframework.security.web.access.ExceptionTranslationFilter.doFilter(ExceptionTranslationFilter.java:119) ~[spring-security-web-6.5.9.jar:6.5.9]
	at org.springframework.security.web.FilterChainProxy$VirtualFilterChain.doFilter(FilterChainProxy.java:374) ~[spring-security-web-6.5.9.jar:6.5.9]
	at org.springframework.security.web.session.SessionManagementFilter.doFilter(SessionManagementFilter.java:131) ~[spring-security-web-6.5.9.jar:6.5.9]
	at org.springframework.security.web.session.SessionManagementFilter.doFilter(SessionManagementFilter.java:85) ~[spring-security-web-6.5.9.jar:6.5.9]
	at org.springframework.security.web.FilterChainProxy$VirtualFilterChain.doFilter(FilterChainProxy.java:374) ~[spring-security-web-6.5.9.jar:6.5.9]
	at org.springframework.security.web.authentication.AnonymousAuthenticationFilter.doFilter(AnonymousAuthenticationFilter.java:100) ~[spring-security-web-6.5.9.jar:6.5.9]
	at org.springframework.security.web.FilterChainProxy$VirtualFilterChain.doFilter(FilterChainProxy.java:374) ~[spring-security-web-6.5.9.jar:6.5.9]
	at org.springframework.security.web.servletapi.SecurityContextHolderAwareRequestFilter.doFilter(SecurityContextHolderAwareRequestFilter.java:179) ~[spring-security-web-6.5.9.jar:6.5.9]
	at org.springframework.security.web.FilterChainProxy$VirtualFilterChain.doFilter(FilterChainProxy.java:374) ~[spring-security-web-6.5.9.jar:6.5.9]
	at org.springframework.security.web.savedrequest.RequestCacheAwareFilter.doFilter(RequestCacheAwareFilter.java:63) ~[spring-security-web-6.5.9.jar:6.5.9]
	at org.springframework.security.web.FilterChainProxy$VirtualFilterChain.doFilter(FilterChainProxy.java:374) ~[spring-security-web-6.5.9.jar:6.5.9]
	at org.springframework.security.web.authentication.www.BasicAuthenticationFilter.doFilterInternal(BasicAuthenticationFilter.java:213) ~[spring-security-web-6.5.9.jar:6.5.9]
	at org.springframework.web.filter.OncePerRequestFilter.doFilter(OncePerRequestFilter.java:116) ~[spring-web-6.2.17.jar:6.2.17]
	at org.springframework.security.web.FilterChainProxy$VirtualFilterChain.doFilter(FilterChainProxy.java:374) ~[spring-security-web-6.5.9.jar:6.5.9]
	at org.springframework.security.web.authentication.logout.LogoutFilter.doFilter(LogoutFilter.java:107) ~[spring-security-web-6.5.9.jar:6.5.9]
	at org.springframework.security.web.authentication.logout.LogoutFilter.doFilter(LogoutFilter.java:93) ~[spring-security-web-6.5.9.jar:6.5.9]
	at org.springframework.security.web.FilterChainProxy$VirtualFilterChain.doFilter(FilterChainProxy.java:374) ~[spring-security-web-6.5.9.jar:6.5.9]
	at org.springframework.web.filter.CorsFilter.doFilterInternal(CorsFilter.java:91) ~[spring-web-6.2.17.jar:6.2.17]
	at org.springframework.web.filter.OncePerRequestFilter.doFilter(OncePerRequestFilter.java:116) ~[spring-web-6.2.17.jar:6.2.17]
	at org.springframework.security.web.FilterChainProxy$VirtualFilterChain.doFilter(FilterChainProxy.java:374) ~[spring-security-web-6.5.9.jar:6.5.9]
	at org.springframework.security.web.header.HeaderWriterFilter.doHeadersAfter(HeaderWriterFilter.java:90) ~[spring-security-web-6.5.9.jar:6.5.9]
	at org.springframework.security.web.header.HeaderWriterFilter.doFilterInternal(HeaderWriterFilter.java:75) ~[spring-security-web-6.5.9.jar:6.5.9]
	at org.springframework.web.filter.OncePerRequestFilter.doFilter(OncePerRequestFilter.java:116) ~[spring-web-6.2.17.jar:6.2.17]
	at org.springframework.security.web.FilterChainProxy$VirtualFilterChain.doFilter(FilterChainProxy.java:374) ~[spring-security-web-6.5.9.jar:6.5.9]
	at org.springframework.security.web.context.SecurityContextHolderFilter.doFilter(SecurityContextHolderFilter.java:82) ~[spring-security-web-6.5.9.jar:6.5.9]
	at org.springframework.security.web.context.SecurityContextHolderFilter.doFilter(SecurityContextHolderFilter.java:69) ~[spring-security-web-6.5.9.jar:6.5.9]
	at org.springframework.security.web.FilterChainProxy$VirtualFilterChain.doFilter(FilterChainProxy.java:374) ~[spring-security-web-6.5.9.jar:6.5.9]
	at org.springframework.security.web.context.request.async.WebAsyncManagerIntegrationFilter.doFilterInternal(WebAsyncManagerIntegrationFilter.java:62) ~[spring-security-web-6.5.9.jar:6.5.9]
	at org.springframework.web.filter.OncePerRequestFilter.doFilter(OncePerRequestFilter.java:116) ~[spring-web-6.2.17.jar:6.2.17]
	at org.springframework.security.web.FilterChainProxy$VirtualFilterChain.doFilter(FilterChainProxy.java:374) ~[spring-security-web-6.5.9.jar:6.5.9]
	at org.springframework.security.web.session.DisableEncodeUrlFilter.doFilterInternal(DisableEncodeUrlFilter.java:42) ~[spring-security-web-6.5.9.jar:6.5.9]
	at org.springframework.web.filter.OncePerRequestFilter.doFilter(OncePerRequestFilter.java:116) ~[spring-web-6.2.17.jar:6.2.17]
	at org.springframework.security.web.FilterChainProxy$VirtualFilterChain.doFilter(FilterChainProxy.java:374) ~[spring-security-web-6.5.9.jar:6.5.9]
	at org.springframework.security.web.FilterChainProxy.doFilterInternal(FilterChainProxy.java:233) ~[spring-security-web-6.5.9.jar:6.5.9]
	at org.springframework.security.web.FilterChainProxy.doFilter(FilterChainProxy.java:191) ~[spring-security-web-6.5.9.jar:6.5.9]
	at org.springframework.web.filter.CompositeFilter$VirtualFilterChain.doFilter(CompositeFilter.java:113) ~[spring-web-6.2.17.jar:6.2.17]
	at org.springframework.web.filter.ServletRequestPathFilter.doFilter(ServletRequestPathFilter.java:52) ~[spring-web-6.2.17.jar:6.2.17]
	at org.springframework.web.filter.CompositeFilter$VirtualFilterChain.doFilter(CompositeFilter.java:113) ~[spring-web-6.2.17.jar:6.2.17]
	at org.springframework.web.filter.CompositeFilter.doFilter(CompositeFilter.java:74) ~[spring-web-6.2.17.jar:6.2.17]
	at org.springframework.security.config.annotation.web.configuration.WebSecurityConfiguration$CompositeFilterChainProxy.doFilter(WebSecurityConfiguration.java:319) ~[spring-security-config-6.5.9.jar:6.5.9]
	at org.springframework.web.filter.CompositeFilter$VirtualFilterChain.doFilter(CompositeFilter.java:113) ~[spring-web-6.2.17.jar:6.2.17]
	at org.springframework.web.servlet.handler.HandlerMappingIntrospector.lambda$createCacheFilter$4(HandlerMappingIntrospector.java:267) ~[spring-webmvc-6.2.17.jar:6.2.17]
	at org.springframework.web.filter.CompositeFilter$VirtualFilterChain.doFilter(CompositeFilter.java:113) ~[spring-web-6.2.17.jar:6.2.17]
	at org.springframework.web.filter.CompositeFilter.doFilter(CompositeFilter.java:74) ~[spring-web-6.2.17.jar:6.2.17]
	at org.springframework.security.config.annotation.web.configuration.WebMvcSecurityConfiguration$CompositeFilterChainProxy.doFilter(WebMvcSecurityConfiguration.java:240) ~[spring-security-config-6.5.9.jar:6.5.9]
	at org.springframework.web.filter.DelegatingFilterProxy.invokeDelegate(DelegatingFilterProxy.java:362) ~[spring-web-6.2.17.jar:6.2.17]
	at org.springframework.web.filter.DelegatingFilterProxy.doFilter(DelegatingFilterProxy.java:278) ~[spring-web-6.2.17.jar:6.2.17]
	at org.apache.catalina.core.ApplicationFilterChain.internalDoFilter(ApplicationFilterChain.java:162) ~[tomcat-embed-core-10.1.53.jar:10.1.53]
	at org.apache.catalina.core.ApplicationFilterChain.doFilter(ApplicationFilterChain.java:138) ~[tomcat-embed-core-10.1.53.jar:10.1.53]
	at org.springframework.web.filter.RequestContextFilter.doFilterInternal(RequestContextFilter.java:100) ~[spring-web-6.2.17.jar:6.2.17]
	at org.springframework.web.filter.OncePerRequestFilter.doFilter(OncePerRequestFilter.java:116) ~[spring-web-6.2.17.jar:6.2.17]
	at org.apache.catalina.core.ApplicationFilterChain.internalDoFilter(ApplicationFilterChain.java:162) ~[tomcat-embed-core-10.1.53.jar:10.1.53]
	at org.apache.catalina.core.ApplicationFilterChain.doFilter(ApplicationFilterChain.java:138) ~[tomcat-embed-core-10.1.53.jar:10.1.53]
	at org.springframework.web.filter.FormContentFilter.doFilterInternal(FormContentFilter.java:93) ~[spring-web-6.2.17.jar:6.2.17]
	at org.springframework.web.filter.OncePerRequestFilter.doFilter(OncePerRequestFilter.java:116) ~[spring-web-6.2.17.jar:6.2.17]
	at org.apache.catalina.core.ApplicationFilterChain.internalDoFilter(ApplicationFilterChain.java:162) ~[tomcat-embed-core-10.1.53.jar:10.1.53]
	at org.apache.catalina.core.ApplicationFilterChain.doFilter(ApplicationFilterChain.java:138) ~[tomcat-embed-core-10.1.53.jar:10.1.53]
	at org.springframework.web.filter.CharacterEncodingFilter.doFilterInternal(CharacterEncodingFilter.java:201) ~[spring-web-6.2.17.jar:6.2.17]
	at org.springframework.web.filter.OncePerRequestFilter.doFilter(OncePerRequestFilter.java:116) ~[spring-web-6.2.17.jar:6.2.17]
	at org.apache.catalina.core.ApplicationFilterChain.internalDoFilter(ApplicationFilterChain.java:162) ~[tomcat-embed-core-10.1.53.jar:10.1.53]
	at org.apache.catalina.core.ApplicationFilterChain.doFilter(ApplicationFilterChain.java:138) ~[tomcat-embed-core-10.1.53.jar:10.1.53]
	at org.apache.catalina.core.StandardWrapperValve.invoke(StandardWrapperValve.java:165) ~[tomcat-embed-core-10.1.53.jar:10.1.53]
	at org.apache.catalina.core.StandardContextValve.invoke(StandardContextValve.java:88) ~[tomcat-embed-core-10.1.53.jar:10.1.53]
	at org.apache.catalina.authenticator.AuthenticatorBase.invoke(AuthenticatorBase.java:492) ~[tomcat-embed-core-10.1.53.jar:10.1.53]
	at org.apache.catalina.core.StandardHostValve.invoke(StandardHostValve.java:113) ~[tomcat-embed-core-10.1.53.jar:10.1.53]
	at org.apache.catalina.valves.ErrorReportValve.invoke(ErrorReportValve.java:83) ~[tomcat-embed-core-10.1.53.jar:10.1.53]
	at org.apache.catalina.core.StandardEngineValve.invoke(StandardEngineValve.java:72) ~[tomcat-embed-core-10.1.53.jar:10.1.53]
	at org.apache.catalina.connector.CoyoteAdapter.service(CoyoteAdapter.java:342) ~[tomcat-embed-core-10.1.53.jar:10.1.53]
	at org.apache.coyote.http11.Http11Processor.service(Http11Processor.java:399) ~[tomcat-embed-core-10.1.53.jar:10.1.53]
	at org.apache.coyote.AbstractProcessorLight.process(AbstractProcessorLight.java:63) ~[tomcat-embed-core-10.1.53.jar:10.1.53]
	at org.apache.coyote.AbstractProtocol$ConnectionHandler.process(AbstractProtocol.java:903) ~[tomcat-embed-core-10.1.53.jar:10.1.53]
	at org.apache.tomcat.util.net.NioEndpoint$SocketProcessor.doRun(NioEndpoint.java:1775) ~[tomcat-embed-core-10.1.53.jar:10.1.53]
	at org.apache.tomcat.util.net.SocketProcessorBase.run(SocketProcessorBase.java:52) ~[tomcat-embed-core-10.1.53.jar:10.1.53]
	at org.apache.tomcat.util.threads.ThreadPoolExecutor.runWorker(ThreadPoolExecutor.java:973) ~[tomcat-embed-core-10.1.53.jar:10.1.53]
	at org.apache.tomcat.util.threads.ThreadPoolExecutor$Worker.run(ThreadPoolExecutor.java:491) ~[tomcat-embed-core-10.1.53.jar:10.1.53]
	at org.apache.tomcat.util.threads.TaskThread$WrappingRunnable.run(TaskThread.java:63) ~[tomcat-embed-core-10.1.53.jar:10.1.53]
	at java.base/java.lang.Thread.run(Thread.java:1474) ~[na:na]
Caused by: com.ivan.projects.movieplatform.exception.TmdbFetchingException: Failed to fetch movie data: {"success":false,"status_code":34,"status_message":"The resource you requested could not be found."}
	at com.ivan.projects.movieplatform.service.TMDBService.getMovieById(TMDBService.java:72) ~[classes/:na]
	at java.base/jdk.internal.reflect.DirectMethodHandleAccessor.invoke(DirectMethodHandleAccessor.java:104) ~[na:na]
	at java.base/java.lang.reflect.Method.invoke(Method.java:565) ~[na:na]
	at org.springframework.aop.support.AopUtils.invokeJoinpointUsingReflection(AopUtils.java:360) ~[spring-aop-6.2.17.jar:6.2.17]
	at org.springframework.aop.framework.ReflectiveMethodInvocation.invokeJoinpoint(ReflectiveMethodInvocation.java:196) ~[spring-aop-6.2.17.jar:6.2.17]
	at org.springframework.aop.framework.ReflectiveMethodInvocation.proceed(ReflectiveMethodInvocation.java:163) ~[spring-aop-6.2.17.jar:6.2.17]
	at org.springframework.cache.interceptor.CacheInterceptor.lambda$invoke$0(CacheInterceptor.java:55) ~[spring-context-6.2.17.jar:6.2.17]
	at org.springframework.cache.interceptor.CacheAspectSupport.invokeOperation(CacheAspectSupport.java:431) ~[spring-context-6.2.17.jar:6.2.17]
	at org.springframework.cache.interceptor.CacheAspectSupport.evaluate(CacheAspectSupport.java:601) ~[spring-context-6.2.17.jar:6.2.17]
	at org.springframework.cache.interceptor.CacheAspectSupport.execute(CacheAspectSupport.java:448) ~[spring-context-6.2.17.jar:6.2.17]
	at org.springframework.cache.interceptor.CacheAspectSupport.execute(CacheAspectSupport.java:410) ~[spring-context-6.2.17.jar:6.2.17]
	at org.springframework.cache.interceptor.CacheInterceptor.invoke(CacheInterceptor.java:65) ~[spring-context-6.2.17.jar:6.2.17]
	at org.springframework.aop.framework.ReflectiveMethodInvocation.proceed(ReflectiveMethodInvocation.java:184) ~[spring-aop-6.2.17.jar:6.2.17]
	at org.springframework.aop.framework.CglibAopProxy$DynamicAdvisedInterceptor.intercept(CglibAopProxy.java:728) ~[spring-aop-6.2.17.jar:6.2.17]
	at com.ivan.projects.movieplatform.service.TMDBService$$SpringCGLIB$$0.getMovieById(<generated>) ~[classes/:na]
	at com.ivan.projects.movieplatform.service.recommendation.RecommendationService.fetchMovieById(RecommendationService.java:84) ~[classes/:na]
	... 117 common frames omitted

2026-05-14T19:28:58.402+03:00  WARN 16020 --- [movie-platform] [http-nio-8099-exec-8] .m.m.a.ExceptionHandlerExceptionResolver : Resolved [com.ivan.projects.movieplatform.exception.MovieRecommendException: Failed to fetch movie 13778857]
2026-05-14T19:35:24.902+03:00  INFO 21512 --- [movie-platform] [restartedMain] c.i.p.m.MoviePlatformApplication         : Starting MoviePlatformApplication using Java 25 with PID 21512 (D:\projects\movie-platform\target\classes started by Ivan in D:\projects\movie-platform)
2026-05-14T19:35:24.904+03:00 DEBUG 21512 --- [movie-platform] [restartedMain] c.i.p.m.MoviePlatformApplication         : Running with Spring Boot v3.5.13, Spring v6.2.17
2026-05-14T19:35:24.905+03:00  INFO 21512 --- [movie-platform] [restartedMain] c.i.p.m.MoviePlatformApplication         : The following 1 profile is active: "local"
2026-05-14T19:35:30.518+03:00  WARN 21512 --- [movie-platform] [restartedMain] org.hibernate.orm.deprecation            : HHH90000025: PostgreSQLDialect does not need to be specified explicitly using 'hibernate.dialect' (remove the property setting and it will be selected by default)
2026-05-14T19:35:33.891+03:00  WARN 21512 --- [movie-platform] [restartedMain] JpaBaseConfiguration$JpaWebConfiguration : spring.jpa.open-in-view is enabled by default. Therefore, database queries may be performed during view rendering. Explicitly configure spring.jpa.open-in-view to disable this warning
2026-05-14T19:35:34.757+03:00  INFO 21512 --- [movie-platform] [restartedMain] c.i.p.m.MoviePlatformApplication         : Started MoviePlatformApplication in 10.594 seconds (process running for 11.48)
2026-05-14T19:36:40.159+03:00 DEBUG 21512 --- [movie-platform] [http-nio-8099-exec-10] c.i.p.movieplatform.service.TMDBService  : Fetching movie by id: 1
2026-05-14T19:36:40.662+03:00 ERROR 21512 --- [movie-platform] [http-nio-8099-exec-10] c.i.p.m.e.GlobalExceptionHandler         : Recommendation failed: Failed to fetch movie 1

com.ivan.projects.movieplatform.exception.MovieRecommendException: Failed to fetch movie 1
	at com.ivan.projects.movieplatform.service.recommendation.RecommendationService.fetchMovieById(RecommendationService.java:90) ~[classes/:na]
	at com.ivan.projects.movieplatform.service.recommendation.RecommendationService.lambda$getRecommendations$0(RecommendationService.java:78) ~[classes/:na]
	at java.base/java.util.stream.ReferencePipeline$3$1.accept(ReferencePipeline.java:214) ~[na:na]
	at java.base/java.util.ArrayList$ArrayListSpliterator.forEachRemaining(ArrayList.java:1716) ~[na:na]
	at java.base/java.util.stream.AbstractPipeline.copyInto(AbstractPipeline.java:570) ~[na:na]
	at java.base/java.util.stream.AbstractPipeline.wrapAndCopyInto(AbstractPipeline.java:560) ~[na:na]
	at java.base/java.util.stream.AbstractPipeline.evaluate(AbstractPipeline.java:635) ~[na:na]
	at java.base/java.util.stream.AbstractPipeline.evaluateToArrayNode(AbstractPipeline.java:291) ~[na:na]
	at java.base/java.util.stream.ReferencePipeline.toArray(ReferencePipeline.java:652) ~[na:na]
	at java.base/java.util.stream.ReferencePipeline.toArray(ReferencePipeline.java:658) ~[na:na]
	at java.base/java.util.stream.ReferencePipeline.toList(ReferencePipeline.java:663) ~[na:na]
	at com.ivan.projects.movieplatform.service.recommendation.RecommendationService.getRecommendations(RecommendationService.java:83) ~[classes/:na]
	at com.ivan.projects.movieplatform.controller.recommendation.RecommendationController.recommend(RecommendationController.java:28) ~[classes/:na]
	at java.base/jdk.internal.reflect.DirectMethodHandleAccessor.invoke(DirectMethodHandleAccessor.java:104) ~[na:na]
	at java.base/java.lang.reflect.Method.invoke(Method.java:565) ~[na:na]
	at org.springframework.web.method.support.InvocableHandlerMethod.doInvoke(InvocableHandlerMethod.java:258) ~[spring-web-6.2.17.jar:6.2.17]
	at org.springframework.web.method.support.InvocableHandlerMethod.invokeForRequest(InvocableHandlerMethod.java:191) ~[spring-web-6.2.17.jar:6.2.17]
	at org.springframework.web.servlet.mvc.method.annotation.ServletInvocableHandlerMethod.invokeAndHandle(ServletInvocableHandlerMethod.java:118) ~[spring-webmvc-6.2.17.jar:6.2.17]
	at org.springframework.web.servlet.mvc.method.annotation.RequestMappingHandlerAdapter.invokeHandlerMethod(RequestMappingHandlerAdapter.java:991) ~[spring-webmvc-6.2.17.jar:6.2.17]
	at org.springframework.web.servlet.mvc.method.annotation.RequestMappingHandlerAdapter.handleInternal(RequestMappingHandlerAdapter.java:896) ~[spring-webmvc-6.2.17.jar:6.2.17]
	at org.springframework.web.servlet.mvc.method.AbstractHandlerMethodAdapter.handle(AbstractHandlerMethodAdapter.java:87) ~[spring-webmvc-6.2.17.jar:6.2.17]
	at org.springframework.web.servlet.DispatcherServlet.doDispatch(DispatcherServlet.java:1089) ~[spring-webmvc-6.2.17.jar:6.2.17]
	at org.springframework.web.servlet.DispatcherServlet.doService(DispatcherServlet.java:979) ~[spring-webmvc-6.2.17.jar:6.2.17]
	at org.springframework.web.servlet.FrameworkServlet.processRequest(FrameworkServlet.java:1014) ~[spring-webmvc-6.2.17.jar:6.2.17]
	at org.springframework.web.servlet.FrameworkServlet.doPost(FrameworkServlet.java:914) ~[spring-webmvc-6.2.17.jar:6.2.17]
	at jakarta.servlet.http.HttpServlet.service(HttpServlet.java:590) ~[tomcat-embed-core-10.1.53.jar:6.0]
	at org.springframework.web.servlet.FrameworkServlet.service(FrameworkServlet.java:885) ~[spring-webmvc-6.2.17.jar:6.2.17]
	at jakarta.servlet.http.HttpServlet.service(HttpServlet.java:658) ~[tomcat-embed-core-10.1.53.jar:6.0]
	at org.apache.catalina.core.ApplicationFilterChain.internalDoFilter(ApplicationFilterChain.java:193) ~[tomcat-embed-core-10.1.53.jar:10.1.53]
	at org.apache.catalina.core.ApplicationFilterChain.doFilter(ApplicationFilterChain.java:138) ~[tomcat-embed-core-10.1.53.jar:10.1.53]
	at org.apache.tomcat.websocket.server.WsFilter.doFilter(WsFilter.java:51) ~[tomcat-embed-websocket-10.1.53.jar:10.1.53]
	at org.apache.catalina.core.ApplicationFilterChain.internalDoFilter(ApplicationFilterChain.java:162) ~[tomcat-embed-core-10.1.53.jar:10.1.53]
	at org.apache.catalina.core.ApplicationFilterChain.doFilter(ApplicationFilterChain.java:138) ~[tomcat-embed-core-10.1.53.jar:10.1.53]
	at org.springframework.web.filter.CompositeFilter$VirtualFilterChain.doFilter(CompositeFilter.java:108) ~[spring-web-6.2.17.jar:6.2.17]
	at org.springframework.web.filter.CompositeFilter$VirtualFilterChain.doFilter(CompositeFilter.java:108) ~[spring-web-6.2.17.jar:6.2.17]
	at org.springframework.security.web.FilterChainProxy.lambda$doFilterInternal$3(FilterChainProxy.java:231) ~[spring-security-web-6.5.9.jar:6.5.9]
	at org.springframework.security.web.FilterChainProxy$VirtualFilterChain.doFilter(FilterChainProxy.java:365) ~[spring-security-web-6.5.9.jar:6.5.9]
	at org.springframework.security.web.access.intercept.AuthorizationFilter.doFilter(AuthorizationFilter.java:101) ~[spring-security-web-6.5.9.jar:6.5.9]
	at org.springframework.security.web.FilterChainProxy$VirtualFilterChain.doFilter(FilterChainProxy.java:374) ~[spring-security-web-6.5.9.jar:6.5.9]
	at org.springframework.security.web.access.ExceptionTranslationFilter.doFilter(ExceptionTranslationFilter.java:125) ~[spring-security-web-6.5.9.jar:6.5.9]
	at org.springframework.security.web.access.ExceptionTranslationFilter.doFilter(ExceptionTranslationFilter.java:119) ~[spring-security-web-6.5.9.jar:6.5.9]
	at org.springframework.security.web.FilterChainProxy$VirtualFilterChain.doFilter(FilterChainProxy.java:374) ~[spring-security-web-6.5.9.jar:6.5.9]
	at org.springframework.security.web.session.SessionManagementFilter.doFilter(SessionManagementFilter.java:131) ~[spring-security-web-6.5.9.jar:6.5.9]
	at org.springframework.security.web.session.SessionManagementFilter.doFilter(SessionManagementFilter.java:85) ~[spring-security-web-6.5.9.jar:6.5.9]
	at org.springframework.security.web.FilterChainProxy$VirtualFilterChain.doFilter(FilterChainProxy.java:374) ~[spring-security-web-6.5.9.jar:6.5.9]
	at org.springframework.security.web.authentication.AnonymousAuthenticationFilter.doFilter(AnonymousAuthenticationFilter.java:100) ~[spring-security-web-6.5.9.jar:6.5.9]
	at org.springframework.security.web.FilterChainProxy$VirtualFilterChain.doFilter(FilterChainProxy.java:374) ~[spring-security-web-6.5.9.jar:6.5.9]
	at org.springframework.security.web.servletapi.SecurityContextHolderAwareRequestFilter.doFilter(SecurityContextHolderAwareRequestFilter.java:179) ~[spring-security-web-6.5.9.jar:6.5.9]
	at org.springframework.security.web.FilterChainProxy$VirtualFilterChain.doFilter(FilterChainProxy.java:374) ~[spring-security-web-6.5.9.jar:6.5.9]
	at org.springframework.security.web.savedrequest.RequestCacheAwareFilter.doFilter(RequestCacheAwareFilter.java:63) ~[spring-security-web-6.5.9.jar:6.5.9]
	at org.springframework.security.web.FilterChainProxy$VirtualFilterChain.doFilter(FilterChainProxy.java:374) ~[spring-security-web-6.5.9.jar:6.5.9]
	at org.springframework.security.web.authentication.www.BasicAuthenticationFilter.doFilterInternal(BasicAuthenticationFilter.java:213) ~[spring-security-web-6.5.9.jar:6.5.9]
	at org.springframework.web.filter.OncePerRequestFilter.doFilter(OncePerRequestFilter.java:116) ~[spring-web-6.2.17.jar:6.2.17]
	at org.springframework.security.web.FilterChainProxy$VirtualFilterChain.doFilter(FilterChainProxy.java:374) ~[spring-security-web-6.5.9.jar:6.5.9]
	at org.springframework.security.web.authentication.logout.LogoutFilter.doFilter(LogoutFilter.java:107) ~[spring-security-web-6.5.9.jar:6.5.9]
	at org.springframework.security.web.authentication.logout.LogoutFilter.doFilter(LogoutFilter.java:93) ~[spring-security-web-6.5.9.jar:6.5.9]
	at org.springframework.security.web.FilterChainProxy$VirtualFilterChain.doFilter(FilterChainProxy.java:374) ~[spring-security-web-6.5.9.jar:6.5.9]
	at org.springframework.web.filter.CorsFilter.doFilterInternal(CorsFilter.java:91) ~[spring-web-6.2.17.jar:6.2.17]
	at org.springframework.web.filter.OncePerRequestFilter.doFilter(OncePerRequestFilter.java:116) ~[spring-web-6.2.17.jar:6.2.17]
	at org.springframework.security.web.FilterChainProxy$VirtualFilterChain.doFilter(FilterChainProxy.java:374) ~[spring-security-web-6.5.9.jar:6.5.9]
	at org.springframework.security.web.header.HeaderWriterFilter.doHeadersAfter(HeaderWriterFilter.java:90) ~[spring-security-web-6.5.9.jar:6.5.9]
	at org.springframework.security.web.header.HeaderWriterFilter.doFilterInternal(HeaderWriterFilter.java:75) ~[spring-security-web-6.5.9.jar:6.5.9]
	at org.springframework.web.filter.OncePerRequestFilter.doFilter(OncePerRequestFilter.java:116) ~[spring-web-6.2.17.jar:6.2.17]
	at org.springframework.security.web.FilterChainProxy$VirtualFilterChain.doFilter(FilterChainProxy.java:374) ~[spring-security-web-6.5.9.jar:6.5.9]
	at org.springframework.security.web.context.SecurityContextHolderFilter.doFilter(SecurityContextHolderFilter.java:82) ~[spring-security-web-6.5.9.jar:6.5.9]
	at org.springframework.security.web.context.SecurityContextHolderFilter.doFilter(SecurityContextHolderFilter.java:69) ~[spring-security-web-6.5.9.jar:6.5.9]
	at org.springframework.security.web.FilterChainProxy$VirtualFilterChain.doFilter(FilterChainProxy.java:374) ~[spring-security-web-6.5.9.jar:6.5.9]
	at org.springframework.security.web.context.request.async.WebAsyncManagerIntegrationFilter.doFilterInternal(WebAsyncManagerIntegrationFilter.java:62) ~[spring-security-web-6.5.9.jar:6.5.9]
	at org.springframework.web.filter.OncePerRequestFilter.doFilter(OncePerRequestFilter.java:116) ~[spring-web-6.2.17.jar:6.2.17]
	at org.springframework.security.web.FilterChainProxy$VirtualFilterChain.doFilter(FilterChainProxy.java:374) ~[spring-security-web-6.5.9.jar:6.5.9]
	at org.springframework.security.web.session.DisableEncodeUrlFilter.doFilterInternal(DisableEncodeUrlFilter.java:42) ~[spring-security-web-6.5.9.jar:6.5.9]
	at org.springframework.web.filter.OncePerRequestFilter.doFilter(OncePerRequestFilter.java:116) ~[spring-web-6.2.17.jar:6.2.17]
	at org.springframework.security.web.FilterChainProxy$VirtualFilterChain.doFilter(FilterChainProxy.java:374) ~[spring-security-web-6.5.9.jar:6.5.9]
	at org.springframework.security.web.FilterChainProxy.doFilterInternal(FilterChainProxy.java:233) ~[spring-security-web-6.5.9.jar:6.5.9]
	at org.springframework.security.web.FilterChainProxy.doFilter(FilterChainProxy.java:191) ~[spring-security-web-6.5.9.jar:6.5.9]
	at org.springframework.web.filter.CompositeFilter$VirtualFilterChain.doFilter(CompositeFilter.java:113) ~[spring-web-6.2.17.jar:6.2.17]
	at org.springframework.web.filter.ServletRequestPathFilter.doFilter(ServletRequestPathFilter.java:52) ~[spring-web-6.2.17.jar:6.2.17]
	at org.springframework.web.filter.CompositeFilter$VirtualFilterChain.doFilter(CompositeFilter.java:113) ~[spring-web-6.2.17.jar:6.2.17]
	at org.springframework.web.filter.CompositeFilter.doFilter(CompositeFilter.java:74) ~[spring-web-6.2.17.jar:6.2.17]
	at org.springframework.security.config.annotation.web.configuration.WebSecurityConfiguration$CompositeFilterChainProxy.doFilter(WebSecurityConfiguration.java:319) ~[spring-security-config-6.5.9.jar:6.5.9]
	at org.springframework.web.filter.CompositeFilter$VirtualFilterChain.doFilter(CompositeFilter.java:113) ~[spring-web-6.2.17.jar:6.2.17]
	at org.springframework.web.servlet.handler.HandlerMappingIntrospector.lambda$createCacheFilter$4(HandlerMappingIntrospector.java:267) ~[spring-webmvc-6.2.17.jar:6.2.17]
	at org.springframework.web.filter.CompositeFilter$VirtualFilterChain.doFilter(CompositeFilter.java:113) ~[spring-web-6.2.17.jar:6.2.17]
	at org.springframework.web.filter.CompositeFilter.doFilter(CompositeFilter.java:74) ~[spring-web-6.2.17.jar:6.2.17]
	at org.springframework.security.config.annotation.web.configuration.WebMvcSecurityConfiguration$CompositeFilterChainProxy.doFilter(WebMvcSecurityConfiguration.java:240) ~[spring-security-config-6.5.9.jar:6.5.9]
	at org.springframework.web.filter.DelegatingFilterProxy.invokeDelegate(DelegatingFilterProxy.java:362) ~[spring-web-6.2.17.jar:6.2.17]
	at org.springframework.web.filter.DelegatingFilterProxy.doFilter(DelegatingFilterProxy.java:278) ~[spring-web-6.2.17.jar:6.2.17]
	at org.apache.catalina.core.ApplicationFilterChain.internalDoFilter(ApplicationFilterChain.java:162) ~[tomcat-embed-core-10.1.53.jar:10.1.53]
	at org.apache.catalina.core.ApplicationFilterChain.doFilter(ApplicationFilterChain.java:138) ~[tomcat-embed-core-10.1.53.jar:10.1.53]
	at org.springframework.web.filter.RequestContextFilter.doFilterInternal(RequestContextFilter.java:100) ~[spring-web-6.2.17.jar:6.2.17]
	at org.springframework.web.filter.OncePerRequestFilter.doFilter(OncePerRequestFilter.java:116) ~[spring-web-6.2.17.jar:6.2.17]
	at org.apache.catalina.core.ApplicationFilterChain.internalDoFilter(ApplicationFilterChain.java:162) ~[tomcat-embed-core-10.1.53.jar:10.1.53]
	at org.apache.catalina.core.ApplicationFilterChain.doFilter(ApplicationFilterChain.java:138) ~[tomcat-embed-core-10.1.53.jar:10.1.53]
	at org.springframework.web.filter.FormContentFilter.doFilterInternal(FormContentFilter.java:93) ~[spring-web-6.2.17.jar:6.2.17]
	at org.springframework.web.filter.OncePerRequestFilter.doFilter(OncePerRequestFilter.java:116) ~[spring-web-6.2.17.jar:6.2.17]
	at org.apache.catalina.core.ApplicationFilterChain.internalDoFilter(ApplicationFilterChain.java:162) ~[tomcat-embed-core-10.1.53.jar:10.1.53]
	at org.apache.catalina.core.ApplicationFilterChain.doFilter(ApplicationFilterChain.java:138) ~[tomcat-embed-core-10.1.53.jar:10.1.53]
	at org.springframework.web.filter.CharacterEncodingFilter.doFilterInternal(CharacterEncodingFilter.java:201) ~[spring-web-6.2.17.jar:6.2.17]
	at org.springframework.web.filter.OncePerRequestFilter.doFilter(OncePerRequestFilter.java:116) ~[spring-web-6.2.17.jar:6.2.17]
	at org.apache.catalina.core.ApplicationFilterChain.internalDoFilter(ApplicationFilterChain.java:162) ~[tomcat-embed-core-10.1.53.jar:10.1.53]
	at org.apache.catalina.core.ApplicationFilterChain.doFilter(ApplicationFilterChain.java:138) ~[tomcat-embed-core-10.1.53.jar:10.1.53]
	at org.apache.catalina.core.StandardWrapperValve.invoke(StandardWrapperValve.java:165) ~[tomcat-embed-core-10.1.53.jar:10.1.53]
	at org.apache.catalina.core.StandardContextValve.invoke(StandardContextValve.java:88) ~[tomcat-embed-core-10.1.53.jar:10.1.53]
	at org.apache.catalina.authenticator.AuthenticatorBase.invoke(AuthenticatorBase.java:492) ~[tomcat-embed-core-10.1.53.jar:10.1.53]
	at org.apache.catalina.core.StandardHostValve.invoke(StandardHostValve.java:113) ~[tomcat-embed-core-10.1.53.jar:10.1.53]
	at org.apache.catalina.valves.ErrorReportValve.invoke(ErrorReportValve.java:83) ~[tomcat-embed-core-10.1.53.jar:10.1.53]
	at org.apache.catalina.core.StandardEngineValve.invoke(StandardEngineValve.java:72) ~[tomcat-embed-core-10.1.53.jar:10.1.53]
	at org.apache.catalina.connector.CoyoteAdapter.service(CoyoteAdapter.java:342) ~[tomcat-embed-core-10.1.53.jar:10.1.53]
	at org.apache.coyote.http11.Http11Processor.service(Http11Processor.java:399) ~[tomcat-embed-core-10.1.53.jar:10.1.53]
	at org.apache.coyote.AbstractProcessorLight.process(AbstractProcessorLight.java:63) ~[tomcat-embed-core-10.1.53.jar:10.1.53]
	at org.apache.coyote.AbstractProtocol$ConnectionHandler.process(AbstractProtocol.java:903) ~[tomcat-embed-core-10.1.53.jar:10.1.53]
	at org.apache.tomcat.util.net.NioEndpoint$SocketProcessor.doRun(NioEndpoint.java:1775) ~[tomcat-embed-core-10.1.53.jar:10.1.53]
	at org.apache.tomcat.util.net.SocketProcessorBase.run(SocketProcessorBase.java:52) ~[tomcat-embed-core-10.1.53.jar:10.1.53]
	at org.apache.tomcat.util.threads.ThreadPoolExecutor.runWorker(ThreadPoolExecutor.java:973) ~[tomcat-embed-core-10.1.53.jar:10.1.53]
	at org.apache.tomcat.util.threads.ThreadPoolExecutor$Worker.run(ThreadPoolExecutor.java:491) ~[tomcat-embed-core-10.1.53.jar:10.1.53]
	at org.apache.tomcat.util.threads.TaskThread$WrappingRunnable.run(TaskThread.java:63) ~[tomcat-embed-core-10.1.53.jar:10.1.53]
	at java.base/java.lang.Thread.run(Thread.java:1474) ~[na:na]
Caused by: com.ivan.projects.movieplatform.exception.TmdbFetchingException: Failed to fetch movie data: {"success":false,"status_code":34,"status_message":"The resource you requested could not be found."}
	at com.ivan.projects.movieplatform.service.TMDBService.getMovieById(TMDBService.java:72) ~[classes/:na]
	at java.base/jdk.internal.reflect.DirectMethodHandleAccessor.invoke(DirectMethodHandleAccessor.java:104) ~[na:na]
	at java.base/java.lang.reflect.Method.invoke(Method.java:565) ~[na:na]
	at org.springframework.aop.support.AopUtils.invokeJoinpointUsingReflection(AopUtils.java:360) ~[spring-aop-6.2.17.jar:6.2.17]
	at org.springframework.aop.framework.ReflectiveMethodInvocation.invokeJoinpoint(ReflectiveMethodInvocation.java:196) ~[spring-aop-6.2.17.jar:6.2.17]
	at org.springframework.aop.framework.ReflectiveMethodInvocation.proceed(ReflectiveMethodInvocation.java:163) ~[spring-aop-6.2.17.jar:6.2.17]
	at org.springframework.cache.interceptor.CacheInterceptor.lambda$invoke$0(CacheInterceptor.java:55) ~[spring-context-6.2.17.jar:6.2.17]
	at org.springframework.cache.interceptor.CacheAspectSupport.invokeOperation(CacheAspectSupport.java:431) ~[spring-context-6.2.17.jar:6.2.17]
	at org.springframework.cache.interceptor.CacheAspectSupport.evaluate(CacheAspectSupport.java:601) ~[spring-context-6.2.17.jar:6.2.17]
	at org.springframework.cache.interceptor.CacheAspectSupport.execute(CacheAspectSupport.java:448) ~[spring-context-6.2.17.jar:6.2.17]
	at org.springframework.cache.interceptor.CacheAspectSupport.execute(CacheAspectSupport.java:410) ~[spring-context-6.2.17.jar:6.2.17]
	at org.springframework.cache.interceptor.CacheInterceptor.invoke(CacheInterceptor.java:65) ~[spring-context-6.2.17.jar:6.2.17]
	at org.springframework.aop.framework.ReflectiveMethodInvocation.proceed(ReflectiveMethodInvocation.java:184) ~[spring-aop-6.2.17.jar:6.2.17]
	at org.springframework.aop.framework.CglibAopProxy$DynamicAdvisedInterceptor.intercept(CglibAopProxy.java:728) ~[spring-aop-6.2.17.jar:6.2.17]
	at com.ivan.projects.movieplatform.service.TMDBService$$SpringCGLIB$$0.getMovieById(<generated>) ~[classes/:na]
	at com.ivan.projects.movieplatform.service.recommendation.RecommendationService.fetchMovieById(RecommendationService.java:88) ~[classes/:na]
	... 116 common frames omitted

2026-05-14T19:36:40.681+03:00  WARN 21512 --- [movie-platform] [http-nio-8099-exec-10] .m.m.a.ExceptionHandlerExceptionResolver : Resolved [com.ivan.projects.movieplatform.exception.MovieRecommendException: Failed to fetch movie 1]
2026-05-14T19:39:06.941+03:00  INFO 12740 --- [movie-platform] [restartedMain] c.i.p.m.MoviePlatformApplication         : Starting MoviePlatformApplication using Java 25 with PID 12740 (D:\projects\movie-platform\target\classes started by Ivan in D:\projects\movie-platform)
2026-05-14T19:39:06.943+03:00 DEBUG 12740 --- [movie-platform] [restartedMain] c.i.p.m.MoviePlatformApplication         : Running with Spring Boot v3.5.13, Spring v6.2.17
2026-05-14T19:39:06.944+03:00  INFO 12740 --- [movie-platform] [restartedMain] c.i.p.m.MoviePlatformApplication         : The following 1 profile is active: "local"
2026-05-14T19:39:12.238+03:00  WARN 12740 --- [movie-platform] [restartedMain] org.hibernate.orm.deprecation            : HHH90000025: PostgreSQLDialect does not need to be specified explicitly using 'hibernate.dialect' (remove the property setting and it will be selected by default)
2026-05-14T19:39:15.426+03:00  WARN 12740 --- [movie-platform] [restartedMain] JpaBaseConfiguration$JpaWebConfiguration : spring.jpa.open-in-view is enabled by default. Therefore, database queries may be performed during view rendering. Explicitly configure spring.jpa.open-in-view to disable this warning
2026-05-14T19:39:16.299+03:00  INFO 12740 --- [movie-platform] [restartedMain] c.i.p.m.MoviePlatformApplication         : Started MoviePlatformApplication in 10.225 seconds (process running for 11.087)
2026-05-14T19:41:27.522+03:00  INFO 7276 --- [movie-platform] [restartedMain] c.i.p.m.MoviePlatformApplication         : Starting MoviePlatformApplication using Java 25 with PID 7276 (D:\projects\movie-platform\target\classes started by Ivan in D:\projects\movie-platform)
2026-05-14T19:41:27.524+03:00 DEBUG 7276 --- [movie-platform] [restartedMain] c.i.p.m.MoviePlatformApplication         : Running with Spring Boot v3.5.13, Spring v6.2.17
2026-05-14T19:41:27.525+03:00  INFO 7276 --- [movie-platform] [restartedMain] c.i.p.m.MoviePlatformApplication         : The following 1 profile is active: "local"
2026-05-14T19:41:32.700+03:00  WARN 7276 --- [movie-platform] [restartedMain] org.hibernate.orm.deprecation            : HHH90000025: PostgreSQLDialect does not need to be specified explicitly using 'hibernate.dialect' (remove the property setting and it will be selected by default)
2026-05-14T19:41:35.819+03:00  WARN 7276 --- [movie-platform] [restartedMain] JpaBaseConfiguration$JpaWebConfiguration : spring.jpa.open-in-view is enabled by default. Therefore, database queries may be performed during view rendering. Explicitly configure spring.jpa.open-in-view to disable this warning
2026-05-14T19:41:36.682+03:00  INFO 7276 --- [movie-platform] [restartedMain] c.i.p.m.MoviePlatformApplication         : Started MoviePlatformApplication in 9.894 seconds (process running for 10.737)
2026-05-14T19:42:05.244+03:00 DEBUG 7276 --- [movie-platform] [http-nio-8099-exec-10] c.i.p.movieplatform.service.TMDBService  : Searching movies with query: The Nice Guys
2026-05-14T19:42:05.884+03:00 DEBUG 7276 --- [movie-platform] [http-nio-8099-exec-10] c.i.p.movieplatform.service.TMDBService  : Searching movies with query: 21 Jump Street
2026-05-14T19:42:06.084+03:00 DEBUG 7276 --- [movie-platform] [http-nio-8099-exec-10] c.i.p.movieplatform.service.TMDBService  : Searching movies with query: Booksmart
2026-05-14T19:44:55.555+03:00  INFO 9892 --- [movie-platform] [restartedMain] c.i.p.m.MoviePlatformApplication         : Starting MoviePlatformApplication using Java 25 with PID 9892 (D:\projects\movie-platform\target\classes started by Ivan in D:\projects\movie-platform)
2026-05-14T19:44:55.557+03:00 DEBUG 9892 --- [movie-platform] [restartedMain] c.i.p.m.MoviePlatformApplication         : Running with Spring Boot v3.5.13, Spring v6.2.17
2026-05-14T19:44:55.558+03:00  INFO 9892 --- [movie-platform] [restartedMain] c.i.p.m.MoviePlatformApplication         : The following 1 profile is active: "local"
2026-05-14T19:45:01.287+03:00  WARN 9892 --- [movie-platform] [restartedMain] org.hibernate.orm.deprecation            : HHH90000025: PostgreSQLDialect does not need to be specified explicitly using 'hibernate.dialect' (remove the property setting and it will be selected by default)
2026-05-14T19:45:04.496+03:00  WARN 9892 --- [movie-platform] [restartedMain] JpaBaseConfiguration$JpaWebConfiguration : spring.jpa.open-in-view is enabled by default. Therefore, database queries may be performed during view rendering. Explicitly configure spring.jpa.open-in-view to disable this warning
2026-05-14T19:45:05.372+03:00  INFO 9892 --- [movie-platform] [restartedMain] c.i.p.m.MoviePlatformApplication         : Started MoviePlatformApplication in 10.573 seconds (process running for 11.395)
2026-05-14T19:46:44.584+03:00 DEBUG 9892 --- [movie-platform] [http-nio-8099-exec-7] c.i.p.movieplatform.service.TMDBService  : Searching movies with query: Avengers: Endgame
2026-05-14T19:46:45.070+03:00 DEBUG 9892 --- [movie-platform] [http-nio-8099-exec-7] c.i.p.movieplatform.service.TMDBService  : Searching movies with query: Wonder Woman
2026-05-14T19:46:45.348+03:00 DEBUG 9892 --- [movie-platform] [http-nio-8099-exec-7] c.i.p.movieplatform.service.TMDBService  : Searching movies with query: Spider-Man: No Way Home
2026-05-14T19:46:45.514+03:00 DEBUG 9892 --- [movie-platform] [http-nio-8099-exec-7] c.i.p.movieplatform.service.TMDBService  : Searching movies with query: Guardians of the Galaxy
2026-05-14T19:46:45.680+03:00 DEBUG 9892 --- [movie-platform] [http-nio-8099-exec-7] c.i.p.movieplatform.service.TMDBService  : Searching movies with query: The Batman
2026-05-14T20:02:40.504+03:00  INFO 5968 --- [movie-platform] [restartedMain] c.i.p.m.MoviePlatformApplication         : Starting MoviePlatformApplication using Java 25 with PID 5968 (D:\projects\movie-platform\target\classes started by Ivan in D:\projects\movie-platform)
2026-05-14T20:02:40.507+03:00 DEBUG 5968 --- [movie-platform] [restartedMain] c.i.p.m.MoviePlatformApplication         : Running with Spring Boot v3.5.13, Spring v6.2.17
2026-05-14T20:02:40.507+03:00  INFO 5968 --- [movie-platform] [restartedMain] c.i.p.m.MoviePlatformApplication         : The following 1 profile is active: "local"
2026-05-14T20:02:46.328+03:00  WARN 5968 --- [movie-platform] [restartedMain] org.hibernate.orm.deprecation            : HHH90000025: PostgreSQLDialect does not need to be specified explicitly using 'hibernate.dialect' (remove the property setting and it will be selected by default)
2026-05-14T20:02:50.197+03:00  WARN 5968 --- [movie-platform] [restartedMain] JpaBaseConfiguration$JpaWebConfiguration : spring.jpa.open-in-view is enabled by default. Therefore, database queries may be performed during view rendering. Explicitly configure spring.jpa.open-in-view to disable this warning
2026-05-14T20:02:51.175+03:00  INFO 5968 --- [movie-platform] [restartedMain] c.i.p.m.MoviePlatformApplication         : Started MoviePlatformApplication in 11.395 seconds (process running for 12.169)
2026-05-14T20:06:06.240+03:00  INFO 22472 --- [movie-platform] [restartedMain] c.i.p.m.MoviePlatformApplication         : Starting MoviePlatformApplication using Java 25 with PID 22472 (D:\projects\movie-platform\target\classes started by Ivan in D:\projects\movie-platform)
2026-05-14T20:06:06.243+03:00 DEBUG 22472 --- [movie-platform] [restartedMain] c.i.p.m.MoviePlatformApplication         : Running with Spring Boot v3.5.13, Spring v6.2.17
2026-05-14T20:06:06.244+03:00  INFO 22472 --- [movie-platform] [restartedMain] c.i.p.m.MoviePlatformApplication         : The following 1 profile is active: "local"
2026-05-14T20:06:12.103+03:00  WARN 22472 --- [movie-platform] [restartedMain] org.hibernate.orm.deprecation            : HHH90000025: PostgreSQLDialect does not need to be specified explicitly using 'hibernate.dialect' (remove the property setting and it will be selected by default)
2026-05-14T20:06:15.706+03:00  WARN 22472 --- [movie-platform] [restartedMain] JpaBaseConfiguration$JpaWebConfiguration : spring.jpa.open-in-view is enabled by default. Therefore, database queries may be performed during view rendering. Explicitly configure spring.jpa.open-in-view to disable this warning
2026-05-14T20:06:16.640+03:00  WARN 22472 --- [movie-platform] [restartedMain] o.s.b.d.a.OptionalLiveReloadServer       : Unable to start LiveReload server
2026-05-14T20:06:16.693+03:00  WARN 22472 --- [movie-platform] [restartedMain] ConfigServletWebServerApplicationContext : Exception encountered during context initialization - cancelling refresh attempt: org.springframework.context.ApplicationContextException: Failed to start bean 'webServerStartStop'
2026-05-14T20:06:16.769+03:00 ERROR 22472 --- [movie-platform] [restartedMain] o.s.b.d.LoggingFailureAnalysisReporter   : 

***************************
APPLICATION FAILED TO START
***************************

Description:

Web server failed to start. Port 8099 was already in use.

Action:

Identify and stop the process that's listening on port 8099 or configure this application to listen on another port.

2026-05-14T20:07:54.077+03:00  INFO 17264 --- [movie-platform] [restartedMain] c.i.p.m.MoviePlatformApplication         : Starting MoviePlatformApplication using Java 25 with PID 17264 (D:\projects\movie-platform\target\classes started by Ivan in D:\projects\movie-platform)
2026-05-14T20:07:54.080+03:00 DEBUG 17264 --- [movie-platform] [restartedMain] c.i.p.m.MoviePlatformApplication         : Running with Spring Boot v3.5.13, Spring v6.2.17
2026-05-14T20:07:54.082+03:00  INFO 17264 --- [movie-platform] [restartedMain] c.i.p.m.MoviePlatformApplication         : The following 1 profile is active: "local"
2026-05-14T20:07:59.446+03:00  WARN 17264 --- [movie-platform] [restartedMain] org.hibernate.orm.deprecation            : HHH90000025: PostgreSQLDialect does not need to be specified explicitly using 'hibernate.dialect' (remove the property setting and it will be selected by default)
2026-05-14T20:08:02.979+03:00  WARN 17264 --- [movie-platform] [restartedMain] JpaBaseConfiguration$JpaWebConfiguration : spring.jpa.open-in-view is enabled by default. Therefore, database queries may be performed during view rendering. Explicitly configure spring.jpa.open-in-view to disable this warning
2026-05-14T20:08:03.901+03:00  INFO 17264 --- [movie-platform] [restartedMain] c.i.p.m.MoviePlatformApplication         : Started MoviePlatformApplication in 10.563 seconds (process running for 11.32)
